UNIT_LINK,MIN_EON,MIN_ERA,MIN_PERIOD,MIN_EPOCH,MIN_AGE,FULL_MIN,CMIN_AGE,MAX_EON,MAX_ERA,MAX_PERIOD,MAX_EPOCH,MAX_AGE,FULL_MAX,CMAX_AGE,MIN_MA,MAX_MA,AGE_TYPE,AGE_COM
NYCAa;2,Proterozoic,Neoproterozoic,,,,Proterozoic Neoproterozoic           ,Neoproterozoic,Proterozoic,Neoproterozoic,,,,Proterozoic Neoproterozoic         ,Neoproterozoic,542,1000,Relative,Age changed from Cambrian? per USGS Lexicon website (ref. NY046) according to reference NY006.
NYCAbk;1,Phanerozoic,Paleozoic,Ordovician,Early-Ordovician,,Phanerozoic Paleozoic  Ordovician    Early-Ordovician     ,Early-Ordovician,Phanerozoic,Paleozoic,Cambrian,Furongian,,Phanerozoic Paleozoic  Cambrian   Furongian    ,Furongian,471.8,501,Relative,"The Cambrian-Ordovician boundary is within the Whitehall Formation, and therefore, the Beekmantown Group is of Late Cambrian to Early Ordovician age (Croixian to Canadian) (Fisher, 1984). "
NYCAbk;2,Phanerozoic,Paleozoic,Ordovician,Early-Ordovician,,Phanerozoic Paleozoic  Ordovician    Early-Ordovician     ,Early-Ordovician,Phanerozoic,Paleozoic,Cambrian,Furongian,,Phanerozoic Paleozoic  Cambrian   Furongian    ,Furongian,471.8,501,Relative,"The Cambrian-Ordovician boundary is within the Whitehall Formation, and therefore, the Beekmantown Group is of Late Cambrian to Early Ordovician age (Croixian to Canadian) (Fisher, 1984). "
NYCAc;1,Phanerozoic,Paleozoic,Cambrian,,,Phanerozoic Paleozoic  Cambrian         ,Cambrian,Phanerozoic,Paleozoic,Cambrian,,,Phanerozoic Paleozoic  Cambrian       ,Cambrian,488.3,542,Relative,
NYCAc;2,Phanerozoic,Paleozoic,Cambrian,,,Phanerozoic Paleozoic  Cambrian         ,Cambrian,Phanerozoic,Paleozoic,Cambrian,,,Phanerozoic Paleozoic  Cambrian       ,Cambrian,488.3,542,Relative,
NYCAc;3,Phanerozoic,Paleozoic,Cambrian,,,Phanerozoic Paleozoic  Cambrian         ,Cambrian,Phanerozoic,Paleozoic,Cambrian,,,Phanerozoic Paleozoic  Cambrian       ,Cambrian,488.3,542,Relative,
NYCAcd;2,Phanerozoic,Paleozoic,Cambrian,,,Phanerozoic Paleozoic  Cambrian         ,Cambrian,Phanerozoic,Paleozoic,Cambrian,,,Phanerozoic Paleozoic  Cambrian       ,Cambrian,488.3,542,Relative,
NYCAev;2,Phanerozoic,Paleozoic,Cambrian,,,Phanerozoic Paleozoic  Cambrian         ,Cambrian,Proterozoic,Neoproterozoic,,,,Proterozoic Neoproterozoic         ,Neoproterozoic,488.3,1000,Relative,Cambrian?USGS Geolex (ref. NY046) cites age as Proterozoic Z to Early Cambrian age
NYCAev;3,Phanerozoic,Paleozoic,Cambrian,,,Phanerozoic Paleozoic  Cambrian         ,Cambrian,Proterozoic,Neoproterozoic,,,,Proterozoic Neoproterozoic         ,Neoproterozoic,488.3,1000,Relative,USGS Geolex (ref NY046) cites age as Proterozoic Z to Early Cambrian age
NYCAg;2,Phanerozoic,Paleozoic,Cambrian,,,Phanerozoic Paleozoic  Cambrian         ,Cambrian,Phanerozoic,Paleozoic,Cambrian,,,Phanerozoic Paleozoic  Cambrian       ,Cambrian,488.3,542,Relative,
NYCAg;3,Phanerozoic,Paleozoic,Cambrian,,,Phanerozoic Paleozoic  Cambrian         ,Cambrian,Phanerozoic,Paleozoic,Cambrian,,,Phanerozoic Paleozoic  Cambrian       ,Cambrian,488.3,542,Relative,
NYCAgt;2,Phanerozoic,Paleozoic,Cambrian,,,Phanerozoic Paleozoic  Cambrian         ,Cambrian,Phanerozoic,Paleozoic,Cambrian,,,Phanerozoic Paleozoic  Cambrian       ,Cambrian,488.3,542,Relative,Cambrian? 
NYCAm;1,Phanerozoic,Paleozoic,Cambrian,,,Phanerozoic Paleozoic  Cambrian         ,Cambrian,Proterozoic,Neoproterozoic,,,,Proterozoic Neoproterozoic         ,Neoproterozoic,488.3,1000,Relative,Cambrian?Age is given as Late Proterozoic to Early Cambrian (NY046)
NYCAm;2,Phanerozoic,Paleozoic,Cambrian,,,Phanerozoic Paleozoic  Cambrian         ,Cambrian,Proterozoic,Neoproterozoic,,,,Proterozoic Neoproterozoic         ,Neoproterozoic,488.3,1000,Relative,Cambrian? Age is given as Late Proterozoic to Early Cambrian (NY046)
NYCAn;2,Phanerozoic,Paleozoic,Cambrian,Early-Cambrian,,Phanerozoic Paleozoic  Cambrian    Early-Cambrian     ,Early-Cambrian,Proterozoic,Neoproterozoic,,,,Proterozoic Neoproterozoic         ,Neoproterozoic,513,1000,Relative,Age changed from Cambrian? to Proterozoic Z and (or) Early Cambrian(?) per USGS Lexicon website and reference NY005.
NYCAn;3,Phanerozoic,Paleozoic,Cambrian,Early-Cambrian,,Phanerozoic Paleozoic  Cambrian    Early-Cambrian     ,Early-Cambrian,Proterozoic,Neoproterozoic,,,,Proterozoic Neoproterozoic         ,Neoproterozoic,513,1000,Relative,Age changed from Cambrian? to Proterozoic Z and (or) Early Cambrian(?) per USGS Lexicon website and reference NY005.
NYCAp;1,Phanerozoic,Paleozoic,Cambrian,Furongian,,Phanerozoic Paleozoic  Cambrian    Furongian     ,Furongian,Phanerozoic,Paleozoic,Cambrian,Furongian,,Phanerozoic Paleozoic  Cambrian   Furongian    ,Furongian,488.3,501,Relative,"Late Cambrian Potsdam Sandstone (Thompson, 1990)."
NYCAp;2,Phanerozoic,Paleozoic,Cambrian,Furongian,,Phanerozoic Paleozoic  Cambrian    Furongian     ,Furongian,Phanerozoic,Paleozoic,Cambrian,Furongian,,Phanerozoic Paleozoic  Cambrian   Furongian    ,Furongian,488.3,501,Relative,"Late Cambrian Potsdam Sandstone (Thompson, 1990)."
NYCApg;3,Phanerozoic,Paleozoic,Cambrian,Early-Cambrian,,Phanerozoic Paleozoic  Cambrian    Early-Cambrian     ,Early-Cambrian,Phanerozoic,Paleozoic,Cambrian,Early-Cambrian,,Phanerozoic Paleozoic  Cambrian   Early-Cambrian    ,Early-Cambrian,513,542,Relative,"Poughquag is shown as basal formation of Wappinger Group, conformably underlying Stissing Dolomite and nonconformably overlying Precambrian basement. The Wappinger is assigned to the Sauk Sequence in this report. Age is Early Cambrian (Sanders, 1995)."
NYCApw;1,Phanerozoic,Paleozoic,Cambrian,,,Phanerozoic Paleozoic  Cambrian         ,Cambrian,Phanerozoic,Paleozoic,Cambrian,,,Phanerozoic Paleozoic  Cambrian       ,Cambrian,488.3,542,Relative,
NYCApw;2,Phanerozoic,Paleozoic,Cambrian,,,Phanerozoic Paleozoic  Cambrian         ,Cambrian,Phanerozoic,Paleozoic,Cambrian,,,Phanerozoic Paleozoic  Cambrian       ,Cambrian,488.3,542,Relative,
NYCAr;2,Phanerozoic,Paleozoic,Cambrian,,,Phanerozoic Paleozoic  Cambrian         ,Cambrian,Phanerozoic,Paleozoic,Cambrian,,,Phanerozoic Paleozoic  Cambrian       ,Cambrian,488.3,542,Relative,Cambrian? 
NYCAs;3,Phanerozoic,Paleozoic,Cambrian,Early-Cambrian,,Phanerozoic Paleozoic  Cambrian    Early-Cambrian     ,Early-Cambrian,Phanerozoic,Paleozoic,Cambrian,Early-Cambrian,,Phanerozoic Paleozoic  Cambrian   Early-Cambrian    ,Early-Cambrian,513,542,Relative,The Stissing dolomite is light-colored dolomites carrying HYOLITHELLUS MICANS Billings in four localities. Upper part is dark dolomites carrying PATERINA STISSINGENSIS Dwight and PROZACANTHOIDES STISSINGENSIS Dwight in two localities. These species indicate the unit is of late Early Cambrian age. Reference: USGS Lexicon website and reference NY008.
NYCAth;2,Phanerozoic,Paleozoic,Cambrian,,,Phanerozoic Paleozoic  Cambrian         ,Cambrian,Phanerozoic,Paleozoic,Cambrian,,,Phanerozoic Paleozoic  Cambrian       ,Cambrian,488.3,542,Relative,
NYCAw;2,Phanerozoic,Paleozoic,Cambrian,Furongian,,Phanerozoic Paleozoic  Cambrian    Furongian     ,Furongian,Phanerozoic,Paleozoic,Cambrian,Furongian,,Phanerozoic Paleozoic  Cambrian   Furongian    ,Furongian,488.3,501,Relative,"Fossils indicate a horizon not earlier than middle Franconian nor later than middle Trempealeauan stage, probably early Trempealeauan.   References: USGS Lexicon website (ref. NY046) and  reference NY007."
NYCAw;3,Phanerozoic,Paleozoic,Cambrian,Furongian,,Phanerozoic Paleozoic  Cambrian    Furongian     ,Furongian,Phanerozoic,Paleozoic,Cambrian,Furongian,,Phanerozoic Paleozoic  Cambrian   Furongian    ,Furongian,488.3,501,Relative,"Fossils indicate a horizon not earlier than middle Franconian nor later than middle Trempealeauan stage, probably early Trempealeauan.   References: USGS Lexicon website and NY007."
NYCAwmd;1,Phanerozoic,Paleozoic,Cambrian,,,Phanerozoic Paleozoic  Cambrian         ,Cambrian,Phanerozoic,Paleozoic,Cambrian,,,Phanerozoic Paleozoic  Cambrian       ,Cambrian,488.3,542,Relative,
NYCAwmd;2,Phanerozoic,Paleozoic,Cambrian,,,Phanerozoic Paleozoic  Cambrian         ,Cambrian,Phanerozoic,Paleozoic,Cambrian,,,Phanerozoic Paleozoic  Cambrian       ,Cambrian,488.3,542,Relative,
NYDbg;3,Phanerozoic,Paleozoic,Devonian,Late-Devonian,,Phanerozoic Paleozoic  Devonian    Late-Devonian     ,Late-Devonian,Phanerozoic,Paleozoic,Devonian,Late-Devonian,,Phanerozoic Paleozoic  Devonian   Late-Devonian    ,Late-Devonian,359.2,385.3,Relative, 
NYDco;4,Phanerozoic,Paleozoic,Devonian,Late-Devonian,,Phanerozoic Paleozoic  Devonian    Late-Devonian     ,Late-Devonian,Phanerozoic,Paleozoic,Devonian,Late-Devonian,,Phanerozoic Paleozoic  Devonian   Late-Devonian    ,Late-Devonian,359.2,385.3,Relative,
NYDct;4,Phanerozoic,Paleozoic,Devonian,Late-Devonian,,Phanerozoic Paleozoic  Devonian    Late-Devonian     ,Late-Devonian,Phanerozoic,Paleozoic,Devonian,Late-Devonian,,Phanerozoic Paleozoic  Devonian   Late-Devonian    ,Late-Devonian,359.2,385.3,Relative,
NYDct;5,Phanerozoic,Paleozoic,Devonian,Late-Devonian,,Phanerozoic Paleozoic  Devonian    Late-Devonian     ,Late-Devonian,Phanerozoic,Paleozoic,Devonian,Late-Devonian,,Phanerozoic Paleozoic  Devonian   Late-Devonian    ,Late-Devonian,359.2,385.3,Relative,
NYDcy;4,Phanerozoic,Paleozoic,Devonian,Late-Devonian,,Phanerozoic Paleozoic  Devonian    Late-Devonian     ,Late-Devonian,Phanerozoic,Paleozoic,Devonian,Late-Devonian,,Phanerozoic Paleozoic  Devonian   Late-Devonian    ,Late-Devonian,359.2,385.3,Relative,
NYDcy;5,Phanerozoic,Paleozoic,Devonian,Late-Devonian,,Phanerozoic Paleozoic  Devonian    Late-Devonian     ,Late-Devonian,Phanerozoic,Paleozoic,Devonian,Late-Devonian,,Phanerozoic Paleozoic  Devonian   Late-Devonian    ,Late-Devonian,359.2,385.3,Relative,
NYDcyd;4,Phanerozoic,Paleozoic,Devonian,Late-Devonian,,Phanerozoic Paleozoic  Devonian    Late-Devonian     ,Late-Devonian,Phanerozoic,Paleozoic,Devonian,Late-Devonian,,Phanerozoic Paleozoic  Devonian   Late-Devonian    ,Late-Devonian,359.2,385.3,Relative,
NYDcyl;4,Phanerozoic,Paleozoic,Devonian,Late-Devonian,,Phanerozoic Paleozoic  Devonian    Late-Devonian     ,Late-Devonian,Phanerozoic,Paleozoic,Devonian,Late-Devonian,,Phanerozoic Paleozoic  Devonian   Late-Devonian    ,Late-Devonian,359.2,385.3,Relative,
NYDcys;4,Phanerozoic,Paleozoic,Devonian,Late-Devonian,,Phanerozoic Paleozoic  Devonian    Late-Devonian     ,Late-Devonian,Phanerozoic,Paleozoic,Devonian,Late-Devonian,,Phanerozoic Paleozoic  Devonian   Late-Devonian    ,Late-Devonian,359.2,385.3,Relative,
NYDg;4,Phanerozoic,Paleozoic,Devonian,Late-Devonian,,Phanerozoic Paleozoic  Devonian    Late-Devonian     ,Late-Devonian,Phanerozoic,Paleozoic,Devonian,Late-Devonian,,Phanerozoic Paleozoic  Devonian   Late-Devonian    ,Late-Devonian,359.2,385.3,Relative,
NYDg;5,Phanerozoic,Paleozoic,Devonian,Late-Devonian,,Phanerozoic Paleozoic  Devonian    Late-Devonian     ,Late-Devonian,Phanerozoic,Paleozoic,Devonian,Late-Devonian,,Phanerozoic Paleozoic  Devonian   Late-Devonian    ,Late-Devonian,359.2,385.3,Relative,
NYDgl;2,Phanerozoic,Paleozoic,Devonian,Early-Devonian,,Phanerozoic Paleozoic  Devonian    Early-Devonian     ,Early-Devonian,Phanerozoic,Paleozoic,Devonian,Early-Devonian,,Phanerozoic Paleozoic  Devonian   Early-Devonian    ,Early-Devonian,397.5,416,Relative,
NYDgl;3,Phanerozoic,Paleozoic,Devonian,Early-Devonian,,Phanerozoic Paleozoic  Devonian    Early-Devonian     ,Early-Devonian,Phanerozoic,Paleozoic,Devonian,Early-Devonian,,Phanerozoic Paleozoic  Devonian   Early-Devonian    ,Early-Devonian,397.5,416,Relative, 
NYDgo;2,Phanerozoic,Paleozoic,Devonian,Late-Devonian,,Phanerozoic Paleozoic  Devonian    Late-Devonian     ,Late-Devonian,Phanerozoic,Paleozoic,Devonian,Middle-Devonian,,Phanerozoic Paleozoic  Devonian   Middle-Devonian    ,Middle-Devonian,359.2,397.5,Relative,
NYDgo;3,Phanerozoic,Paleozoic,Devonian,Late-Devonian,,Phanerozoic Paleozoic  Devonian    Late-Devonian     ,Late-Devonian,Phanerozoic,Paleozoic,Devonian,Middle-Devonian,,Phanerozoic Paleozoic  Devonian   Middle-Devonian    ,Middle-Devonian,359.2,397.5,Relative, 
NYDgo;5,Phanerozoic,Paleozoic,Devonian,Late-Devonian,,Phanerozoic Paleozoic  Devonian    Late-Devonian     ,Late-Devonian,Phanerozoic,Paleozoic,Devonian,Middle-Devonian,,Phanerozoic Paleozoic  Devonian   Middle-Devonian    ,Middle-Devonian,359.2,397.5,Relative,
NYDgu;2,Phanerozoic,Paleozoic,Devonian,Middle-Devonian,,Phanerozoic Paleozoic  Devonian    Middle-Devonian     ,Middle-Devonian,Phanerozoic,Paleozoic,Devonian,Middle-Devonian,,Phanerozoic Paleozoic  Devonian   Middle-Devonian    ,Middle-Devonian,385.3,397.5,Relative,
NYDgu;5,Phanerozoic,Paleozoic,Devonian,Late-Devonian,,Phanerozoic Paleozoic  Devonian    Late-Devonian     ,Late-Devonian,Phanerozoic,Paleozoic,Devonian,Middle-Devonian,,Phanerozoic Paleozoic  Devonian   Middle-Devonian    ,Middle-Devonian,359.2,397.5,Relative,
NYDh;3,Phanerozoic,Paleozoic,Devonian,Middle-Devonian,,Phanerozoic Paleozoic  Devonian    Middle-Devonian     ,Middle-Devonian,Phanerozoic,Paleozoic,Devonian,Middle-Devonian,,Phanerozoic Paleozoic  Devonian   Middle-Devonian    ,Middle-Devonian,385.3,397.5,Relative, 
NYDhg;2,Phanerozoic,Paleozoic,Devonian,Early-Devonian,,Phanerozoic Paleozoic  Devonian    Early-Devonian     ,Early-Devonian,Phanerozoic,Paleozoic,Devonian,Early-Devonian,,Phanerozoic Paleozoic  Devonian   Early-Devonian    ,Early-Devonian,397.5,416,Relative,
NYDhg;3,Phanerozoic,Paleozoic,Devonian,Early-Devonian,,Phanerozoic Paleozoic  Devonian    Early-Devonian     ,Early-Devonian,Phanerozoic,Paleozoic,Devonian,Early-Devonian,,Phanerozoic Paleozoic  Devonian   Early-Devonian    ,Early-Devonian,397.5,416,Relative, 
NYDhg;5,Phanerozoic,Paleozoic,Devonian,Early-Devonian,,Phanerozoic Paleozoic  Devonian    Early-Devonian     ,Early-Devonian,Phanerozoic,Paleozoic,Devonian,Early-Devonian,,Phanerozoic Paleozoic  Devonian   Early-Devonian    ,Early-Devonian,397.5,416,Relative,
NYDhld;4,Phanerozoic,Paleozoic,Devonian,Middle-Devonian,Givetian,Phanerozoic Paleozoic  Devonian    Middle-Devonian     Givetian,Givetian,Phanerozoic,Paleozoic,Devonian,Middle-Devonian,Givetian,Phanerozoic Paleozoic  Devonian   Middle-Devonian    Givetian,Givetian,385.3,391.8,Relative,"Age is Middle Devonian (Givetian) (Brett and Baird, 1994).References: USGS Lexicon website and NY013."
NYDhld;5,Phanerozoic,Paleozoic,Devonian,Middle-Devonian,Givetian,Phanerozoic Paleozoic  Devonian    Middle-Devonian     Givetian,Givetian,Phanerozoic,Paleozoic,Devonian,Middle-Devonian,Givetian,Phanerozoic Paleozoic  Devonian   Middle-Devonian    Givetian,Givetian,385.3,391.8,Relative,"Age is Middle Devonian (Givetian) (Brett and Baird, 1994).References: USGS Lexicon website and NY013."
NYDhm;2,Phanerozoic,Paleozoic,Devonian,Middle-Devonian,,Phanerozoic Paleozoic  Devonian    Middle-Devonian     ,Middle-Devonian,Phanerozoic,Paleozoic,Devonian,Middle-Devonian,,Phanerozoic Paleozoic  Devonian   Middle-Devonian    ,Middle-Devonian,385.3,397.5,Relative,
NYDhm;3,Phanerozoic,Paleozoic,Devonian,Middle-Devonian,,Phanerozoic Paleozoic  Devonian    Middle-Devonian     ,Middle-Devonian,Phanerozoic,Paleozoic,Devonian,Middle-Devonian,,Phanerozoic Paleozoic  Devonian   Middle-Devonian    ,Middle-Devonian,385.3,397.5,Relative, 
NYDhmo;2,Phanerozoic,Paleozoic,Devonian,Middle-Devonian,Givetian,Phanerozoic Paleozoic  Devonian    Middle-Devonian     Givetian,Givetian,Phanerozoic,Paleozoic,Devonian,Middle-Devonian,Givetian,Phanerozoic Paleozoic  Devonian   Middle-Devonian    Givetian,Givetian,385.3,391.8,Relative,Age of the Moscow is Middle Devonian (Givetian) (Brett and Baird 1994).References: USGS Lexicon website and NY013.
NYDhmo;3,Phanerozoic,Paleozoic,Devonian,Middle-Devonian,Givetian,Phanerozoic Paleozoic  Devonian    Middle-Devonian     Givetian,Givetian,Phanerozoic,Paleozoic,Devonian,Middle-Devonian,Givetian,Phanerozoic Paleozoic  Devonian   Middle-Devonian    Givetian,Givetian,385.3,391.8,Relative,Age of the Moscow is Middle Devonian (Givetian) (Brett and Baird 1994).References: USGS Lexicon website and NY013.
NYDhmo;4,Phanerozoic,Paleozoic,Devonian,Middle-Devonian,Givetian,Phanerozoic Paleozoic  Devonian    Middle-Devonian     Givetian,Givetian,Phanerozoic,Paleozoic,Devonian,Middle-Devonian,Givetian,Phanerozoic Paleozoic  Devonian   Middle-Devonian    Givetian,Givetian,385.3,391.8,Relative,Age of the Moscow is Middle Devonian (Givetian) (Brett and Baird 1994).References: USGS Lexicon website and NY013.
NYDhmo;5,Phanerozoic,Paleozoic,Devonian,Middle-Devonian,Givetian,Phanerozoic Paleozoic  Devonian    Middle-Devonian     Givetian,Givetian,Phanerozoic,Paleozoic,Devonian,Middle-Devonian,Givetian,Phanerozoic Paleozoic  Devonian   Middle-Devonian    Givetian,Givetian,385.3,391.8,Relative,"Age of the Moscow is Middle Devonian (Givetian) (Brett and Baird, 1994). Reference NY013."
NYDhmr;2,Phanerozoic,Paleozoic,Devonian,Middle-Devonian,Eifelian,Phanerozoic Paleozoic  Devonian    Middle-Devonian     Eifelian,Eifelian,Phanerozoic,Paleozoic,Devonian,Middle-Devonian,Eifelian,Phanerozoic Paleozoic  Devonian   Middle-Devonian    Eifelian,Eifelian,391.8,397.5,Relative,"Conodont biostratigraphy indicates that the Marcellus Shale is of Middle Devonian (Eifelian) age. Conodonts from the PO. C. COSTATUS Zone were recovered from the Tioga Ash Bed at the base of the formation and late Eifelian conodonts were recovered near the top of the formation (Harris and others, 1994).References: USGS Lexicon website and NY016."
NYDhmr;4,Phanerozoic,Paleozoic,Devonian,Middle-Devonian,Eifelian,Phanerozoic Paleozoic  Devonian    Middle-Devonian     Eifelian,Eifelian,Phanerozoic,Paleozoic,Devonian,Middle-Devonian,Eifelian,Phanerozoic Paleozoic  Devonian   Middle-Devonian    Eifelian,Eifelian,391.8,397.5,Relative,"Conodont biostratigraphy indicates that the Marcellus Shale is of Middle Devonian (Eifelian) age. Conodonts from the PO. C. COSTATUS Zone were recovered from the Tioga Ash Bed at the base of the formation and late Eifelian conodonts were recovered near the top of the formation (Harris and others, 1994).References: USGS Lexicon website and NY016."
NYDhmr;5,Phanerozoic,Paleozoic,Devonian,Middle-Devonian,Eifelian,Phanerozoic Paleozoic  Devonian    Middle-Devonian     Eifelian,Eifelian,Phanerozoic,Paleozoic,Devonian,Middle-Devonian,Eifelian,Phanerozoic Paleozoic  Devonian   Middle-Devonian    Eifelian,Eifelian,391.8,397.5,Relative,"Conodont biostratigraphy indicates that the Marcellus Shale is of Middle Devonian (Eifelian) age. Conodonts from the PO. C. COSTATUS Zone were recovered from the Tioga Ash Bed at the base of the formation and late Eifelian conodonts were recovered near the top of the formation (Harris and others, 1994).References: USGS Lexicon website and NY016."
NYDhpl;2,Phanerozoic,Paleozoic,Devonian,Middle-Devonian,,Phanerozoic Paleozoic  Devonian    Middle-Devonian     ,Middle-Devonian,Phanerozoic,Paleozoic,Devonian,Middle-Devonian,,Phanerozoic Paleozoic  Devonian   Middle-Devonian    ,Middle-Devonian,385.3,397.5,Relative,
NYDhpl;3,Phanerozoic,Paleozoic,Devonian,Middle-Devonian,,Phanerozoic Paleozoic  Devonian    Middle-Devonian     ,Middle-Devonian,Phanerozoic,Paleozoic,Devonian,Middle-Devonian,,Phanerozoic Paleozoic  Devonian   Middle-Devonian    ,Middle-Devonian,385.3,397.5,Relative, 
NYDhpm;2,Phanerozoic,Paleozoic,Devonian,Middle-Devonian,,Phanerozoic Paleozoic  Devonian    Middle-Devonian     ,Middle-Devonian,Phanerozoic,Paleozoic,Devonian,Middle-Devonian,,Phanerozoic Paleozoic  Devonian   Middle-Devonian    ,Middle-Devonian,385.3,397.5,Relative,
NYDhpm;5,Phanerozoic,Paleozoic,Devonian,Middle-Devonian,,Phanerozoic Paleozoic  Devonian    Middle-Devonian     ,Middle-Devonian,Phanerozoic,Paleozoic,Devonian,Middle-Devonian,,Phanerozoic Paleozoic  Devonian   Middle-Devonian    ,Middle-Devonian,385.3,397.5,Relative,
NYDhsk;4,Phanerozoic,Paleozoic,Devonian,Middle-Devonian,,Phanerozoic Paleozoic  Devonian    Middle-Devonian     ,Middle-Devonian,Phanerozoic,Paleozoic,Devonian,Middle-Devonian,,Phanerozoic Paleozoic  Devonian   Middle-Devonian    ,Middle-Devonian,385.3,397.5,Relative,
NYDhsk;5,Phanerozoic,Paleozoic,Devonian,Middle-Devonian,,Phanerozoic Paleozoic  Devonian    Middle-Devonian     ,Middle-Devonian,Phanerozoic,Paleozoic,Devonian,Middle-Devonian,,Phanerozoic Paleozoic  Devonian   Middle-Devonian    ,Middle-Devonian,385.3,397.5,Relative,
NYDj;4,Phanerozoic,Paleozoic,Devonian,Late-Devonian,,Phanerozoic Paleozoic  Devonian    Late-Devonian     ,Late-Devonian,Phanerozoic,Paleozoic,Devonian,Late-Devonian,,Phanerozoic Paleozoic  Devonian   Late-Devonian    ,Late-Devonian,359.2,385.3,Relative,
NYDj;5,Phanerozoic,Paleozoic,Devonian,Late-Devonian,,Phanerozoic Paleozoic  Devonian    Late-Devonian     ,Late-Devonian,Phanerozoic,Paleozoic,Devonian,Late-Devonian,,Phanerozoic Paleozoic  Devonian   Late-Devonian    ,Late-Devonian,359.2,385.3,Relative,
NYDo;2,Phanerozoic,Paleozoic,Devonian,Early-Devonian,,Phanerozoic Paleozoic  Devonian    Early-Devonian     ,Early-Devonian,Phanerozoic,Paleozoic,Devonian,Early-Devonian,,Phanerozoic Paleozoic  Devonian   Early-Devonian    ,Early-Devonian,397.5,416,Relative,
NYDo;4,Phanerozoic,Paleozoic,Devonian,Early-Devonian,,Phanerozoic Paleozoic  Devonian    Early-Devonian     ,Early-Devonian,Phanerozoic,Paleozoic,Devonian,Early-Devonian,,Phanerozoic Paleozoic  Devonian   Early-Devonian    ,Early-Devonian,397.5,416,Relative,
NYDo;5,Phanerozoic,Paleozoic,Devonian,Early-Devonian,,Phanerozoic Paleozoic  Devonian    Early-Devonian     ,Early-Devonian,Phanerozoic,Paleozoic,Devonian,Early-Devonian,,Phanerozoic Paleozoic  Devonian   Early-Devonian    ,Early-Devonian,397.5,416,Relative,
NYDob;4,Phanerozoic,Paleozoic,Devonian,Middle-Devonian,Eifelian,Phanerozoic Paleozoic  Devonian    Middle-Devonian     Eifelian,Eifelian,Phanerozoic,Paleozoic,Devonian,Early-Devonian,Emsian,Phanerozoic Paleozoic  Devonian   Early-Devonian    Emsian,Emsian,391.8,407,Relative,Age change based on USGS Lexicon website and reference NY017.
NYDon;2,Phanerozoic,Paleozoic,Devonian,Middle-Devonian,Eifelian,Phanerozoic Paleozoic  Devonian    Middle-Devonian     Eifelian,Eifelian,Phanerozoic,Paleozoic,Devonian,Early-Devonian,Emsian,Phanerozoic Paleozoic  Devonian   Early-Devonian    Emsian,Emsian,391.8,407,Relative,Age change based on USGS Lexicon website and reference NY017.
NYDon;5,Phanerozoic,Paleozoic,Devonian,Middle-Devonian,Eifelian,Phanerozoic Paleozoic  Devonian    Middle-Devonian     Eifelian,Eifelian,Phanerozoic,Paleozoic,Devonian,Early-Devonian,Emsian,Phanerozoic Paleozoic  Devonian   Early-Devonian    Emsian,Emsian,391.8,407,Relative,References: USGS Lexicon website and NY017.
NYDou;2,Phanerozoic,Paleozoic,Devonian,Middle-Devonian,Eifelian,Phanerozoic Paleozoic  Devonian    Middle-Devonian     Eifelian,Eifelian,Phanerozoic,Paleozoic,Devonian,Early-Devonian,Emsian,Phanerozoic Paleozoic  Devonian   Early-Devonian    Emsian,Emsian,391.8,407,Relative,Age change based on USGS Lexicon website and reference NY017.
NYDou;3,Phanerozoic,Paleozoic,Devonian,Middle-Devonian,Eifelian,Phanerozoic Paleozoic  Devonian    Middle-Devonian     Eifelian,Eifelian,Phanerozoic,Paleozoic,Devonian,Early-Devonian,Emsian,Phanerozoic Paleozoic  Devonian   Early-Devonian    Emsian,Emsian,391.8,407,Relative,Age change based on USGS Lexicon website and reference NY017.
NYDpgd;3,Phanerozoic,Paleozoic,Devonian,Late-Devonian,,Phanerozoic Paleozoic  Devonian    Late-Devonian     ,Late-Devonian,Phanerozoic,Paleozoic,Devonian,Late-Devonian,,Phanerozoic Paleozoic  Devonian   Late-Devonian    ,Late-Devonian,359.2,385.3,Relative, 
NYDpgr;3,Phanerozoic,Paleozoic,Devonian,Late-Devonian,,Phanerozoic Paleozoic  Devonian    Late-Devonian     ,Late-Devonian,Phanerozoic,Paleozoic,Devonian,Late-Devonian,,Phanerozoic Paleozoic  Devonian   Late-Devonian    ,Late-Devonian,359.2,385.3,Relative, 
NYDs;2,Phanerozoic,Paleozoic,Devonian,Late-Devonian,,Phanerozoic Paleozoic  Devonian    Late-Devonian     ,Late-Devonian,Phanerozoic,Paleozoic,Devonian,Late-Devonian,,Phanerozoic Paleozoic  Devonian   Late-Devonian    ,Late-Devonian,359.2,385.3,Relative,
NYDS;3,Phanerozoic,Paleozoic,Devonian,Early-Devonian,,Phanerozoic Paleozoic  Devonian    Early-Devonian     ,Early-Devonian,Phanerozoic,Paleozoic,Silurian,,,Phanerozoic Paleozoic  Silurian       ,Silurian,397.5,443.7,Relative, 
NYDs;4,Phanerozoic,Paleozoic,Devonian,Late-Devonian,,Phanerozoic Paleozoic  Devonian    Late-Devonian     ,Late-Devonian,Phanerozoic,Paleozoic,Devonian,Late-Devonian,,Phanerozoic Paleozoic  Devonian   Late-Devonian    ,Late-Devonian,359.2,385.3,Relative,
NYDs;5,Phanerozoic,Paleozoic,Devonian,Late-Devonian,,Phanerozoic Paleozoic  Devonian    Late-Devonian     ,Late-Devonian,Phanerozoic,Paleozoic,Devonian,Late-Devonian,,Phanerozoic Paleozoic  Devonian   Late-Devonian    ,Late-Devonian,359.2,385.3,Relative,
NYDSu;2,Phanerozoic,Paleozoic,Devonian,Early-Devonian,,Phanerozoic Paleozoic  Devonian    Early-Devonian     ,Early-Devonian,Phanerozoic,Paleozoic,Silurian,Ludlow,,Phanerozoic Paleozoic  Silurian   Ludlow    ,Ludlow,397.5,421.3,Relative,
NYDsw;2,Phanerozoic,Paleozoic,Devonian,Late-Devonian,,Phanerozoic Paleozoic  Devonian    Late-Devonian     ,Late-Devonian,Phanerozoic,Paleozoic,Devonian,Late-Devonian,,Phanerozoic Paleozoic  Devonian   Late-Devonian    ,Late-Devonian,359.2,385.3,Relative,
NYDsw;3,Phanerozoic,Paleozoic,Devonian,Late-Devonian,,Phanerozoic Paleozoic  Devonian    Late-Devonian     ,Late-Devonian,Phanerozoic,Paleozoic,Devonian,Late-Devonian,,Phanerozoic Paleozoic  Devonian   Late-Devonian    ,Late-Devonian,359.2,385.3,Relative, 
NYDt;5,Phanerozoic,Paleozoic,Devonian,Middle-Devonian,,Phanerozoic Paleozoic  Devonian    Middle-Devonian     ,Middle-Devonian,Phanerozoic,Paleozoic,Devonian,Middle-Devonian,,Phanerozoic Paleozoic  Devonian   Middle-Devonian    ,Middle-Devonian,385.3,397.5,Relative,
NYDwc;5,Phanerozoic,Paleozoic,Devonian,Late-Devonian,,Phanerozoic Paleozoic  Devonian    Late-Devonian     ,Late-Devonian,Phanerozoic,Paleozoic,Devonian,Late-Devonian,,Phanerozoic Paleozoic  Devonian   Late-Devonian    ,Late-Devonian,359.2,385.3,Relative,
NYDwf;4,Phanerozoic,Paleozoic,Devonian,Late-Devonian,,Phanerozoic Paleozoic  Devonian    Late-Devonian     ,Late-Devonian,Phanerozoic,Paleozoic,Devonian,Late-Devonian,,Phanerozoic Paleozoic  Devonian   Late-Devonian    ,Late-Devonian,359.2,385.3,Relative,
NYDwg;4,Phanerozoic,Paleozoic,Devonian,Late-Devonian,,Phanerozoic Paleozoic  Devonian    Late-Devonian     ,Late-Devonian,Phanerozoic,Paleozoic,Devonian,Late-Devonian,,Phanerozoic Paleozoic  Devonian   Late-Devonian    ,Late-Devonian,359.2,385.3,Relative,
NYDwg;5,Phanerozoic,Paleozoic,Devonian,Late-Devonian,,Phanerozoic Paleozoic  Devonian    Late-Devonian     ,Late-Devonian,Phanerozoic,Paleozoic,Devonian,Late-Devonian,,Phanerozoic Paleozoic  Devonian   Late-Devonian    ,Late-Devonian,359.2,385.3,Relative,
NYDwh;2,Phanerozoic,Paleozoic,Devonian,Late-Devonian,,Phanerozoic Paleozoic  Devonian    Late-Devonian     ,Late-Devonian,Phanerozoic,Paleozoic,Devonian,Late-Devonian,,Phanerozoic Paleozoic  Devonian   Late-Devonian    ,Late-Devonian,359.2,385.3,Relative,
NYDwh;3,Phanerozoic,Paleozoic,Devonian,Late-Devonian,,Phanerozoic Paleozoic  Devonian    Late-Devonian     ,Late-Devonian,Phanerozoic,Paleozoic,Devonian,Late-Devonian,,Phanerozoic Paleozoic  Devonian   Late-Devonian    ,Late-Devonian,359.2,385.3,Relative, 
NYDwm;2,Phanerozoic,Paleozoic,Devonian,Late-Devonian,,Phanerozoic Paleozoic  Devonian    Late-Devonian     ,Late-Devonian,Phanerozoic,Paleozoic,Devonian,Late-Devonian,,Phanerozoic Paleozoic  Devonian   Late-Devonian    ,Late-Devonian,359.2,385.3,Relative,
NYDwm;5,Phanerozoic,Paleozoic,Devonian,Late-Devonian,,Phanerozoic Paleozoic  Devonian    Late-Devonian     ,Late-Devonian,Phanerozoic,Paleozoic,Devonian,Late-Devonian,,Phanerozoic Paleozoic  Devonian   Late-Devonian    ,Late-Devonian,359.2,385.3,Relative,
NYDwn;4,Phanerozoic,Paleozoic,Devonian,Late-Devonian,,Phanerozoic Paleozoic  Devonian    Late-Devonian     ,Late-Devonian,Phanerozoic,Paleozoic,Devonian,Late-Devonian,,Phanerozoic Paleozoic  Devonian   Late-Devonian    ,Late-Devonian,359.2,385.3,Relative,
NYDwn;5,Phanerozoic,Paleozoic,Devonian,Late-Devonian,,Phanerozoic Paleozoic  Devonian    Late-Devonian     ,Late-Devonian,Phanerozoic,Paleozoic,Devonian,Late-Devonian,,Phanerozoic Paleozoic  Devonian   Late-Devonian    ,Late-Devonian,359.2,385.3,Relative,
NYDwnm;5,Phanerozoic,Paleozoic,Devonian,Late-Devonian,,Phanerozoic Paleozoic  Devonian    Late-Devonian     ,Late-Devonian,Phanerozoic,Paleozoic,Devonian,Late-Devonian,,Phanerozoic Paleozoic  Devonian   Late-Devonian    ,Late-Devonian,359.2,385.3,Relative,
NYDwr;4,Phanerozoic,Paleozoic,Devonian,Late-Devonian,,Phanerozoic Paleozoic  Devonian    Late-Devonian     ,Late-Devonian,Phanerozoic,Paleozoic,Devonian,Late-Devonian,,Phanerozoic Paleozoic  Devonian   Late-Devonian    ,Late-Devonian,359.2,385.3,Relative,
NYDwr;5,Phanerozoic,Paleozoic,Devonian,Late-Devonian,,Phanerozoic Paleozoic  Devonian    Late-Devonian     ,Late-Devonian,Phanerozoic,Paleozoic,Devonian,Late-Devonian,,Phanerozoic Paleozoic  Devonian   Late-Devonian    ,Late-Devonian,359.2,385.3,Relative,
NYDwrg;5,Phanerozoic,Paleozoic,Devonian,Late-Devonian,,Phanerozoic Paleozoic  Devonian    Late-Devonian     ,Late-Devonian,Phanerozoic,Paleozoic,Devonian,Late-Devonian,,Phanerozoic Paleozoic  Devonian   Late-Devonian    ,Late-Devonian,359.2,385.3,Relative,
NYDws;2,Phanerozoic,Paleozoic,Devonian,Late-Devonian,,Phanerozoic Paleozoic  Devonian    Late-Devonian     ,Late-Devonian,Phanerozoic,Paleozoic,Devonian,Late-Devonian,,Phanerozoic Paleozoic  Devonian   Late-Devonian    ,Late-Devonian,359.2,385.3,Relative,
NYDws;3,Phanerozoic,Paleozoic,Devonian,Late-Devonian,,Phanerozoic Paleozoic  Devonian    Late-Devonian     ,Late-Devonian,Phanerozoic,Paleozoic,Devonian,Late-Devonian,,Phanerozoic Paleozoic  Devonian   Late-Devonian    ,Late-Devonian,359.2,385.3,Relative, 
NYDws;5,Phanerozoic,Paleozoic,Devonian,Late-Devonian,,Phanerozoic Paleozoic  Devonian    Late-Devonian     ,Late-Devonian,Phanerozoic,Paleozoic,Devonian,Late-Devonian,,Phanerozoic Paleozoic  Devonian   Late-Devonian    ,Late-Devonian,359.2,385.3,Relative,
NYDww;2,Phanerozoic,Paleozoic,Devonian,Late-Devonian,,Phanerozoic Paleozoic  Devonian    Late-Devonian     ,Late-Devonian,Phanerozoic,Paleozoic,Devonian,Late-Devonian,,Phanerozoic Paleozoic  Devonian   Late-Devonian    ,Late-Devonian,359.2,385.3,Relative,
NYDww;3,Phanerozoic,Paleozoic,Devonian,Late-Devonian,,Phanerozoic Paleozoic  Devonian    Late-Devonian     ,Late-Devonian,Phanerozoic,Paleozoic,Devonian,Late-Devonian,,Phanerozoic Paleozoic  Devonian   Late-Devonian    ,Late-Devonian,359.2,385.3,Relative, 
NYKJd;1,Phanerozoic,Mesozoic,Cretaceous,Early -Cretaceous,,Phanerozoic Mesozoic  Cretaceous    Early -Cretaceous     ,Cretaceous,Phanerozoic,Mesozoic,Jurassic,,,Phanerozoic Mesozoic  Jurassic       ,Jurassic,65.5,199.6,Relative,
NYKJd;2,Phanerozoic,Mesozoic,Cretaceous,Early -Cretaceous,,Phanerozoic Mesozoic  Cretaceous    Early -Cretaceous     ,Cretaceous,Phanerozoic,Mesozoic,Jurassic,,,Phanerozoic Mesozoic  Jurassic       ,Jurassic,65.5,199.6,Relative,
NYKJk;5,Phanerozoic,Mesozoic,Cretaceous,Early -Cretaceous,,Phanerozoic Mesozoic  Cretaceous    Early -Cretaceous     ,Cretaceous,Phanerozoic,Mesozoic,Jurassic,,,Phanerozoic Mesozoic  Jurassic       ,Jurassic,65.5,199.6,Relative,
NYKJtp;1,Phanerozoic,Mesozoic,Cretaceous,Early -Cretaceous,,Phanerozoic Mesozoic  Cretaceous    Early -Cretaceous     ,Cretaceous,Phanerozoic,Mesozoic,Jurassic,,,Phanerozoic Mesozoic  Jurassic       ,Jurassic,65.5,199.6,Relative,
NYKm;3,Phanerozoic,Mesozoic,Cretaceous,Late-Cretaceous,,Phanerozoic Mesozoic  Cretaceous    Late-Cretaceous     ,Late-Cretaceous,Phanerozoic,Mesozoic,Cretaceous,Late-Cretaceous,,Phanerozoic Mesozoic  Cretaceous   Late-Cretaceous    ,Late-Cretaceous,65.5,99.6,Relative,
NYKr;3,Phanerozoic,Mesozoic,Cretaceous,Late-Cretaceous,,Phanerozoic Mesozoic  Cretaceous    Late-Cretaceous     ,Late-Cretaceous,Phanerozoic,Mesozoic,Cretaceous,Late-Cretaceous,,Phanerozoic Mesozoic  Cretaceous   Late-Cretaceous    ,Late-Cretaceous,65.5,99.6,Relative,
NYMp;4,Phanerozoic,Paleozoic,Carboniferous,Mississippian,,Phanerozoic Paleozoic  Carboniferous    Mississippian     ,Mississippian,Phanerozoic,Paleozoic,Devonian,Late-Devonian,,Phanerozoic Paleozoic  Devonian   Late-Devonian    ,Late-Devonian,318.1,385.3,Relative,"The presence of CYRTOSPIRIFER Nalivkin in the Corry Sandstone in Drake Well, Titusville, PA, and the absence of PARAPHORHYNCHUS Weller firmly establishes the age of the Corry as Late Devonian --not Mississippian (Feldmann and others, 1992).References: USGS Lexicon website (ref. NY046) and NY012."
NYOag;1,Phanerozoic,Paleozoic,Ordovician,Middle-Ordovician,,Phanerozoic Paleozoic  Ordovician    Middle-Ordovician     ,Middle-Ordovician,Phanerozoic,Paleozoic,Ordovician,Middle-Ordovician,,Phanerozoic Paleozoic  Ordovician   Middle-Ordovician    ,Middle-Ordovician,460.9,471.8,Relative,
NYOag;2,Phanerozoic,Paleozoic,Ordovician,Middle-Ordovician,,Phanerozoic Paleozoic  Ordovician    Middle-Ordovician     ,Middle-Ordovician,Phanerozoic,Paleozoic,Ordovician,Middle-Ordovician,,Phanerozoic Paleozoic  Ordovician   Middle-Ordovician    ,Middle-Ordovician,460.9,471.8,Relative,
NYOag;3,Phanerozoic,Paleozoic,Ordovician,Middle-Ordovician,,Phanerozoic Paleozoic  Ordovician    Middle-Ordovician     ,Middle-Ordovician,Phanerozoic,Paleozoic,Ordovician,Middle-Ordovician,,Phanerozoic Paleozoic  Ordovician   Middle-Ordovician    ,Middle-Ordovician,460.9,471.8,Relative, 
NYOb;3,Phanerozoic,Paleozoic,Ordovician,,,Phanerozoic Paleozoic  Ordovician         ,Ordovician,Phanerozoic,Paleozoic,Ordovician,,,Phanerozoic Paleozoic  Ordovician       ,Ordovician,443.7,488.3,Relative,
NYOba;2,Phanerozoic,Paleozoic,Ordovician,Middle-Ordovician,,Phanerozoic Paleozoic  Ordovician    Middle-Ordovician     ,Middle-Ordovician,Phanerozoic,Paleozoic,Ordovician,Middle-Ordovician,,Phanerozoic Paleozoic  Ordovician   Middle-Ordovician    ,Middle-Ordovician,460.9,471.8,Relative,
NYOba;3,Phanerozoic,Paleozoic,Ordovician,Middle-Ordovician,,Phanerozoic Paleozoic  Ordovician    Middle-Ordovician     ,Middle-Ordovician,Phanerozoic,Paleozoic,Ordovician,Middle-Ordovician,,Phanerozoic Paleozoic  Ordovician   Middle-Ordovician    ,Middle-Ordovician,460.9,471.8,Relative,
NYOban;3,Phanerozoic,Paleozoic,Ordovician,Late-Ordovician,,Phanerozoic Paleozoic  Ordovician    Late-Ordovician     ,Late-Ordovician,Phanerozoic,Paleozoic,Ordovician,Late-Ordovician,,Phanerozoic Paleozoic  Ordovician   Late-Ordovician    ,Late-Ordovician,443.7,460.9,Relative, 
NYObk;1,Phanerozoic,Paleozoic,Ordovician,Early-Ordovician,,Phanerozoic Paleozoic  Ordovician    Early-Ordovician     ,Early-Ordovician,Phanerozoic,Paleozoic,Ordovician,Early-Ordovician,,Phanerozoic Paleozoic  Ordovician   Early-Ordovician    ,Early-Ordovician,471.8,488.3,Relative,
NYObk;2,Phanerozoic,Paleozoic,Ordovician,Early-Ordovician,,Phanerozoic Paleozoic  Ordovician    Early-Ordovician     ,Early-Ordovician,Phanerozoic,Paleozoic,Ordovician,Early-Ordovician,,Phanerozoic Paleozoic  Ordovician   Early-Ordovician    ,Early-Ordovician,471.8,488.3,Relative,
NYObr;1,Phanerozoic,Paleozoic,Ordovician,Middle-Ordovician,,Phanerozoic Paleozoic  Ordovician    Middle-Ordovician     ,Middle-Ordovician,Phanerozoic,Paleozoic,Ordovician,Middle-Ordovician,,Phanerozoic Paleozoic  Ordovician   Middle-Ordovician    ,Middle-Ordovician,460.9,471.8,Relative,
NYObr;2,Phanerozoic,Paleozoic,Ordovician,Middle-Ordovician,,Phanerozoic Paleozoic  Ordovician    Middle-Ordovician     ,Middle-Ordovician,Phanerozoic,Paleozoic,Ordovician,Middle-Ordovician,,Phanerozoic Paleozoic  Ordovician   Middle-Ordovician    ,Middle-Ordovician,460.9,471.8,Relative,
NYOc;1,Phanerozoic,Paleozoic,Ordovician,Middle-Ordovician,,Phanerozoic Paleozoic  Ordovician    Middle-Ordovician     ,Middle-Ordovician,Phanerozoic,Paleozoic,Ordovician,Middle-Ordovician,,Phanerozoic Paleozoic  Ordovician   Middle-Ordovician    ,Middle-Ordovician,460.9,471.8,Relative,
NYOc;2,Phanerozoic,Paleozoic,Ordovician,Middle-Ordovician,,Phanerozoic Paleozoic  Ordovician    Middle-Ordovician     ,Middle-Ordovician,Phanerozoic,Paleozoic,Ordovician,Middle-Ordovician,,Phanerozoic Paleozoic  Ordovician   Middle-Ordovician    ,Middle-Ordovician,460.9,471.8,Relative,
NYOCAe;2,Phanerozoic,Paleozoic,Ordovician,,,Phanerozoic Paleozoic  Ordovician         ,Ordovician,Phanerozoic,Paleozoic,Cambrian,,,Phanerozoic Paleozoic  Cambrian       ,Cambrian,443.7,542,Relative,
NYOCAe;3,Phanerozoic,Paleozoic,Ordovician,,,Phanerozoic Paleozoic  Ordovician         ,Ordovician,Phanerozoic,Paleozoic,Cambrian,,,Phanerozoic Paleozoic  Cambrian       ,Cambrian,443.7,542,Relative,
NYOCAi;3,Phanerozoic,Paleozoic,Ordovician,Early-Ordovician,,Phanerozoic Paleozoic  Ordovician    Early-Ordovician     ,Early-Ordovician,Phanerozoic,Paleozoic,Cambrian,Early-Cambrian,,Phanerozoic Paleozoic  Cambrian   Early-Cambrian    ,Early-Cambrian,471.8,542,Relative,
NYOCAs;1,Phanerozoic,Paleozoic,Ordovician,Middle-Ordovician,,Phanerozoic Paleozoic  Ordovician    Middle-Ordovician     ,Middle-Ordovician,Phanerozoic,Paleozoic,Cambrian,,,Phanerozoic Paleozoic  Cambrian       ,Cambrian,460.9,542,Relative,Middle Ordovician (Barneveld) 
NYOCAs;2,Phanerozoic,Paleozoic,Ordovician,Middle-Ordovician,,Phanerozoic Paleozoic  Ordovician    Middle-Ordovician     ,Middle-Ordovician,Phanerozoic,Paleozoic,Cambrian,,,Phanerozoic Paleozoic  Cambrian       ,Cambrian,460.9,542,Relative,Middle Ordovician (Barneveld)
NYOCAs;3,Phanerozoic,Paleozoic,Ordovician,Middle-Ordovician,,Phanerozoic Paleozoic  Ordovician    Middle-Ordovician     ,Middle-Ordovician,Phanerozoic,Paleozoic,Cambrian,,,Phanerozoic Paleozoic  Cambrian       ,Cambrian,460.9,542,Relative,Middle Ordovician (Barneveld)
NYOCAst;2,Phanerozoic,Paleozoic,Ordovician,Early-Ordovician,,Phanerozoic Paleozoic  Ordovician    Early-Ordovician     ,Early-Ordovician,Phanerozoic,Paleozoic,Cambrian,,,Phanerozoic Paleozoic  Cambrian       ,Cambrian,471.8,542,Relative,
NYOCAst;3,Phanerozoic,Paleozoic,Ordovician,Early-Ordovician,,Phanerozoic Paleozoic  Ordovician    Early-Ordovician     ,Early-Ordovician,Phanerozoic,Paleozoic,Cambrian,,,Phanerozoic Paleozoic  Cambrian       ,Cambrian,471.8,542,Relative,
NYOCAth;1,Phanerozoic,Paleozoic,Ordovician,Early-Ordovician,,Phanerozoic Paleozoic  Ordovician    Early-Ordovician     ,Early-Ordovician,Phanerozoic,Paleozoic,Cambrian,,,Phanerozoic Paleozoic  Cambrian       ,Cambrian,471.8,542,Relative,
NYOCAu;2,Phanerozoic,Paleozoic,Ordovician,Middle-Ordovician,,Phanerozoic Paleozoic  Ordovician    Middle-Ordovician     ,Middle-Ordovician,Phanerozoic,Paleozoic,Cambrian,,,Phanerozoic Paleozoic  Cambrian       ,Cambrian,460.9,542,Relative,
NYOCAw;3,Phanerozoic,Paleozoic,Ordovician,Early-Ordovician,,Phanerozoic Paleozoic  Ordovician    Early-Ordovician     ,Early-Ordovician,Phanerozoic,Paleozoic,Cambrian,,,Phanerozoic Paleozoic  Cambrian       ,Cambrian,471.8,542,Relative,
NYOch;1,Phanerozoic,Paleozoic,Ordovician,Middle-Ordovician,,Phanerozoic Paleozoic  Ordovician    Middle-Ordovician     ,Middle-Ordovician,Phanerozoic,Paleozoic,Ordovician,Middle-Ordovician,,Phanerozoic Paleozoic  Ordovician   Middle-Ordovician    ,Middle-Ordovician,460.9,471.8,Relative,
NYOcum;1,Phanerozoic,Paleozoic,Ordovician,Middle-Ordovician,,Phanerozoic Paleozoic  Ordovician    Middle-Ordovician     ,Middle-Ordovician,Phanerozoic,Paleozoic,Ordovician,Middle-Ordovician,,Phanerozoic Paleozoic  Ordovician   Middle-Ordovician    ,Middle-Ordovician,460.9,471.8,Relative,
NYOd;3,Phanerozoic,Paleozoic,Ordovician,Late-Ordovician,,Phanerozoic Paleozoic  Ordovician    Late-Ordovician     ,Late-Ordovician,Phanerozoic,Paleozoic,Ordovician,Late-Ordovician,,Phanerozoic Paleozoic  Ordovician   Late-Ordovician    ,Late-Ordovician,443.7,460.9,Relative, 
NYOf;2,Phanerozoic,Paleozoic,Ordovician,Late-Ordovician,,Phanerozoic Paleozoic  Ordovician    Late-Ordovician     ,Late-Ordovician,Phanerozoic,Paleozoic,Ordovician,Late-Ordovician,,Phanerozoic Paleozoic  Ordovician   Late-Ordovician    ,Late-Ordovician,443.7,460.9,Relative,
NYOgb;3,Phanerozoic,Paleozoic,Ordovician,Late-Ordovician,,Phanerozoic Paleozoic  Ordovician    Late-Ordovician     ,Late-Ordovician,Phanerozoic,Paleozoic,Ordovician,Late-Ordovician,,Phanerozoic Paleozoic  Ordovician   Late-Ordovician    ,Late-Ordovician,443.7,460.9,Relative, 
NYOh;3,Phanerozoic,Paleozoic,Ordovician,Late-Ordovician,,Phanerozoic Paleozoic  Ordovician    Late-Ordovician     ,Late-Ordovician,Phanerozoic,Paleozoic,Ordovician,Late-Ordovician,,Phanerozoic Paleozoic  Ordovician   Late-Ordovician    ,Late-Ordovician,443.7,460.9,Relative, 
NYOhn;3,Phanerozoic,Paleozoic,Ordovician,Late-Ordovician,,Phanerozoic Paleozoic  Ordovician    Late-Ordovician     ,Late-Ordovician,Phanerozoic,Paleozoic,Ordovician,Late-Ordovician,,Phanerozoic Paleozoic  Ordovician   Late-Ordovician    ,Late-Ordovician,443.7,460.9,Relative, 
NYOhr;3,Phanerozoic,Paleozoic,Ordovician,Early-Ordovician,,Phanerozoic Paleozoic  Ordovician    Early-Ordovician     ,Early-Ordovician,Phanerozoic,Paleozoic,Cambrian,,,Phanerozoic Paleozoic  Cambrian       ,Cambrian,471.8,542,Relative,"The age of the Hartland and Ravenswood is Cambrian and Ordovician, based on correlation with rocks of southwestern CT, their relative positions and lithologic similarities. Isotope data on the Ravenswood gives an early Paleozoic age, probably Early Ordovician.Reference: USGS Lexicon website (ref. NY046) and NY009."
NYOht;3,Phanerozoic,Paleozoic,Ordovician,Early-Ordovician,,Phanerozoic Paleozoic  Ordovician    Early-Ordovician     ,Early-Ordovician,Phanerozoic,Paleozoic,Cambrian,,,Phanerozoic Paleozoic  Cambrian       ,Cambrian,471.8,542,Relative,"The age of the Hartland and Ravenswood is Cambrian and Ordovician, based on correlation with rocks of southwestern CT, their relative positions and lithologic similarities. Isotope data on the Ravenswood gives an early Paleozoic age, probably Early Ordovician.Reference: USGS Lexicon website and NY009."
NYOi;1,Phanerozoic,Paleozoic,Ordovician,Middle-Ordovician,,Phanerozoic Paleozoic  Ordovician    Middle-Ordovician     ,Middle-Ordovician,Phanerozoic,Paleozoic,Ordovician,Middle-Ordovician,,Phanerozoic Paleozoic  Ordovician   Middle-Ordovician    ,Middle-Ordovician,460.9,471.8,Relative,
NYOm;3,Phanerozoic,Paleozoic,Ordovician,Middle-Ordovician,,Phanerozoic Paleozoic  Ordovician    Middle-Ordovician     ,Middle-Ordovician,Phanerozoic,Paleozoic,Cambrian,Early-Cambrian,,Phanerozoic Paleozoic  Cambrian   Early-Cambrian    ,Early-Cambrian,460.9,542,Relative,Mose and Hall (1979) determined that the Manhattan Schist is of Early Cambrian age on the basis of a rubidium-strontium whole-rock isochron of 555+/-21 Ma. Other portions of unit could be Middle Ordovician in age.  Reference NY004.
NYOma;3,Phanerozoic,Paleozoic,Ordovician,Middle-Ordovician,,Phanerozoic Paleozoic  Ordovician    Middle-Ordovician     ,Middle-Ordovician,Phanerozoic,Paleozoic,Ordovician,Middle-Ordovician,,Phanerozoic Paleozoic  Ordovician   Middle-Ordovician    ,Middle-Ordovician,460.9,471.8,Relative,
NYOmi;1,Phanerozoic,Paleozoic,Ordovician,,,Phanerozoic Paleozoic  Ordovician         ,Ordovician,Phanerozoic,Paleozoic,Ordovician,,,Phanerozoic Paleozoic  Ordovician       ,Ordovician,443.7,488.3,Relative,
NYOmi;2,Phanerozoic,Paleozoic,Ordovician,,,Phanerozoic Paleozoic  Ordovician         ,Ordovician,Phanerozoic,Paleozoic,Ordovician,,,Phanerozoic Paleozoic  Ordovician       ,Ordovician,443.7,488.3,Relative,
NYOmi;3,Phanerozoic,Paleozoic,Ordovician,,,Phanerozoic Paleozoic  Ordovician         ,Ordovician,Phanerozoic,Paleozoic,Ordovician,,,Phanerozoic Paleozoic  Ordovician       ,Ordovician,443.7,488.3,Relative,
NYOn;2,Phanerozoic,Paleozoic,Ordovician,Middle-Ordovician,,Phanerozoic Paleozoic  Ordovician    Middle-Ordovician     ,Middle-Ordovician,Phanerozoic,Paleozoic,Ordovician,Middle-Ordovician,,Phanerozoic Paleozoic  Ordovician   Middle-Ordovician    ,Middle-Ordovician,460.9,471.8,Relative,
NYOn;3,Phanerozoic,Paleozoic,Ordovician,Middle-Ordovician,,Phanerozoic Paleozoic  Ordovician    Middle-Ordovician     ,Middle-Ordovician,Phanerozoic,Paleozoic,Ordovician,Middle-Ordovician,,Phanerozoic Paleozoic  Ordovician   Middle-Ordovician    ,Middle-Ordovician,460.9,471.8,Relative, 
NYOo;1,Phanerozoic,Paleozoic,Ordovician,Late-Ordovician,,Phanerozoic Paleozoic  Ordovician    Late-Ordovician     ,Late-Ordovician,Phanerozoic,Paleozoic,Ordovician,Late-Ordovician,,Phanerozoic Paleozoic  Ordovician   Late-Ordovician    ,Late-Ordovician,443.7,460.9,Relative,"Age is Late Ordovician (latest Maysvillian through earliest Richmondian) based on fossils (Ryder, 1992)."
NYOo;2,Phanerozoic,Paleozoic,Ordovician,Late-Ordovician,,Phanerozoic Paleozoic  Ordovician    Late-Ordovician     ,Late-Ordovician,Phanerozoic,Paleozoic,Ordovician,Late-Ordovician,,Phanerozoic Paleozoic  Ordovician   Late-Ordovician    ,Late-Ordovician,443.7,460.9,Relative,"Age is Late Ordovician (latest Maysvillian through earliest Richmondian) based on fossils (Ryder, 1992)."
NYOo;5,Phanerozoic,Paleozoic,Ordovician,Late-Ordovician,,Phanerozoic Paleozoic  Ordovician    Late-Ordovician     ,Late-Ordovician,Phanerozoic,Paleozoic,Ordovician,Late-Ordovician,,Phanerozoic Paleozoic  Ordovician   Late-Ordovician    ,Late-Ordovician,443.7,460.9,Relative,"Age is Late Ordovician (latest Maysvillian through earliest Richmondian) based on fossils (Ryder, 1992)."
NYOopx;3,Phanerozoic,Paleozoic,Ordovician,Late-Ordovician,,Phanerozoic Paleozoic  Ordovician    Late-Ordovician     ,Late-Ordovician,Phanerozoic,Paleozoic,Ordovician,Late-Ordovician,,Phanerozoic Paleozoic  Ordovician   Late-Ordovician    ,Late-Ordovician,443.7,460.9,Relative, 
NYOp;1,Phanerozoic,Paleozoic,Ordovician,,,Phanerozoic Paleozoic  Ordovician         ,Ordovician,Phanerozoic,Paleozoic,Ordovician,,,Phanerozoic Paleozoic  Ordovician       ,Ordovician,443.7,488.3,Relative,
NYOp;2,Phanerozoic,Paleozoic,Ordovician,,,Phanerozoic Paleozoic  Ordovician         ,Ordovician,Phanerozoic,Paleozoic,Ordovician,,,Phanerozoic Paleozoic  Ordovician       ,Ordovician,443.7,488.3,Relative,
NYOpl;2,Phanerozoic,Paleozoic,Ordovician,,,Phanerozoic Paleozoic  Ordovician         ,Ordovician,Phanerozoic,Paleozoic,Ordovician,,,Phanerozoic Paleozoic  Ordovician       ,Ordovician,443.7,488.3,Relative,
NYOpw;1,Phanerozoic,Paleozoic,Ordovician,Late-Ordovician,,Phanerozoic Paleozoic  Ordovician    Late-Ordovician     ,Late-Ordovician,Phanerozoic,Paleozoic,Ordovician,Late-Ordovician,,Phanerozoic Paleozoic  Ordovician   Late-Ordovician    ,Late-Ordovician,443.7,460.9,Relative,"Pulaski Formation of Late Ordovician age (Cincinnatian, Maysvillian to early Richmondian) is used in report. Nautiloid taxa of Maysvillian to early Richmondian strata on OH [Bull Fork Formation according to fig. 2] are also characteristic of ""Lorraine fauna"" of Foerste (1914). This fauna also is found in coeval Pulaski Formation in NY and Georgian Bay Formation in southern Ontario (Frey, 1995)."
NYOpw;2,Phanerozoic,Paleozoic,Ordovician,Late-Ordovician,,Phanerozoic Paleozoic  Ordovician    Late-Ordovician     ,Late-Ordovician,Phanerozoic,Paleozoic,Ordovician,Late-Ordovician,,Phanerozoic Paleozoic  Ordovician   Late-Ordovician    ,Late-Ordovician,443.7,460.9,Relative,"Pulaski Formation of Late Ordovician age (Cincinnatian, Maysvillian to early Richmondian) is used in report. Nautiloid taxa of Maysvillian to early Richmondian strata on OH [Bull Fork Formation according to fig. 2] are also characteristic of ""Lorraine fauna"" of Foerste (1914). This fauna also is found in coeval Pulaski Formation in NY and Georgian Bay Formation in southern Ontario (Frey, 1995)."
NYOpw;5,Phanerozoic,Paleozoic,Ordovician,Late-Ordovician,,Phanerozoic Paleozoic  Ordovician    Late-Ordovician     ,Late-Ordovician,Phanerozoic,Paleozoic,Ordovician,Late-Ordovician,,Phanerozoic Paleozoic  Ordovician   Late-Ordovician    ,Late-Ordovician,443.7,460.9,Relative,"Pulaski Formation of Late Ordovician age (Cincinnatian, Maysvillian to early Richmondian) is used in report. Nautiloid taxa of Maysvillian to early Richmondian strata on OH [Bull Fork Formation according to fig. 2] are also characteristic of ""Lorraine fauna"" of Foerste (1914). This fauna also is found in coeval Pulaski Formation in NY and Georgian Bay Formation in southern Ontario (Frey, 1995)."
NYOpx;3,Phanerozoic,Paleozoic,Ordovician,Late-Ordovician,,Phanerozoic Paleozoic  Ordovician    Late-Ordovician     ,Late-Ordovician,Phanerozoic,Paleozoic,Ordovician,Late-Ordovician,,Phanerozoic Paleozoic  Ordovician   Late-Ordovician    ,Late-Ordovician,443.7,460.9,Relative, 
NYOq;4,Phanerozoic,Paleozoic,Ordovician,Late-Ordovician,,Phanerozoic Paleozoic  Ordovician    Late-Ordovician     ,Late-Ordovician,Phanerozoic,Paleozoic,Ordovician,Late-Ordovician,,Phanerozoic Paleozoic  Ordovician   Late-Ordovician    ,Late-Ordovician,443.7,460.9,Relative,"In cross section E-E', in the subsurface of central to eastern OH, Queenston Shale is used for silty red shale equivalent to the Juniata Formation in WV. Age is Late Ordovician (Richmondian) based on stratigraphic position and fossils in equivalent strata in OH and KY. (Ryder, 1992). USGS Lexicon website and reference NY019."
NYOq;5,Phanerozoic,Paleozoic,Ordovician,Late-Ordovician,,Phanerozoic Paleozoic  Ordovician    Late-Ordovician     ,Late-Ordovician,Phanerozoic,Paleozoic,Ordovician,Late-Ordovician,,Phanerozoic Paleozoic  Ordovician   Late-Ordovician    ,Late-Ordovician,443.7,460.9,Relative,"In cross section E-E', in the subsurface of central to eastern OH, Queenston Shale is used for silty red shale equivalent to the Juniata Formation in WV. Age is Late Ordovician (Richmondian) based on stratigraphic position and fossils in equivalent strata in OH and KY (Ryder, 1992)."
NYOqu;3,Phanerozoic,Paleozoic,Ordovician,Late-Ordovician,,Phanerozoic Paleozoic  Ordovician    Late-Ordovician     ,Late-Ordovician,Phanerozoic,Paleozoic,Ordovician,Late-Ordovician,,Phanerozoic Paleozoic  Ordovician   Late-Ordovician    ,Late-Ordovician,443.7,460.9,Relative, 
NYOs;3,Phanerozoic,Paleozoic,Ordovician,Early-Ordovician,,Phanerozoic Paleozoic  Ordovician    Early-Ordovician     ,Early-Ordovician,Phanerozoic,Paleozoic,Ordovician,Early-Ordovician,,Phanerozoic Paleozoic  Ordovician   Early-Ordovician    ,Early-Ordovician,471.8,488.3,Relative,
NYOsc;2,Phanerozoic,Paleozoic,Ordovician,Late-Ordovician,,Phanerozoic Paleozoic  Ordovician    Late-Ordovician     ,Late-Ordovician,Phanerozoic,Paleozoic,Ordovician,Late-Ordovician,,Phanerozoic Paleozoic  Ordovician   Late-Ordovician    ,Late-Ordovician,443.7,460.9,Relative,
NYOsf;2,Phanerozoic,Paleozoic,Ordovician,,,Phanerozoic Paleozoic  Ordovician         ,Ordovician,Phanerozoic,Paleozoic,Ordovician,,,Phanerozoic Paleozoic  Ordovician       ,Ordovician,443.7,488.3,Relative,
NYOsf;3,Phanerozoic,Paleozoic,Ordovician,,,Phanerozoic Paleozoic  Ordovician         ,Ordovician,Phanerozoic,Paleozoic,Ordovician,,,Phanerozoic Paleozoic  Ordovician       ,Ordovician,443.7,488.3,Relative,
NYOsp;1,Phanerozoic,Paleozoic,Ordovician,Middle-Ordovician,,Phanerozoic Paleozoic  Ordovician    Middle-Ordovician     ,Middle-Ordovician,Phanerozoic,Paleozoic,Ordovician,Middle-Ordovician,,Phanerozoic Paleozoic  Ordovician   Middle-Ordovician    ,Middle-Ordovician,460.9,471.8,Relative,
NYOt;1,Phanerozoic,Paleozoic,Ordovician,Middle-Ordovician,,Phanerozoic Paleozoic  Ordovician    Middle-Ordovician     ,Middle-Ordovician,Phanerozoic,Paleozoic,Ordovician,Middle-Ordovician,,Phanerozoic Paleozoic  Ordovician   Middle-Ordovician    ,Middle-Ordovician,460.9,471.8,Relative,
NYOt;2,Phanerozoic,Paleozoic,Ordovician,Middle-Ordovician,,Phanerozoic Paleozoic  Ordovician    Middle-Ordovician     ,Middle-Ordovician,Phanerozoic,Paleozoic,Ordovician,Middle-Ordovician,,Phanerozoic Paleozoic  Ordovician   Middle-Ordovician    ,Middle-Ordovician,460.9,471.8,Relative,
NYOtbr;1,Phanerozoic,Paleozoic,Ordovician,Middle-Ordovician,,Phanerozoic Paleozoic  Ordovician    Middle-Ordovician     ,Middle-Ordovician,Phanerozoic,Paleozoic,Ordovician,Middle-Ordovician,,Phanerozoic Paleozoic  Ordovician   Middle-Ordovician    ,Middle-Ordovician,460.9,471.8,Relative,
NYOtbr;2,Phanerozoic,Paleozoic,Ordovician,Middle-Ordovician,,Phanerozoic Paleozoic  Ordovician    Middle-Ordovician     ,Middle-Ordovician,Phanerozoic,Paleozoic,Ordovician,Middle-Ordovician,,Phanerozoic Paleozoic  Ordovician   Middle-Ordovician    ,Middle-Ordovician,460.9,471.8,Relative,
NYOtm;1,Phanerozoic,Paleozoic,Ordovician,Middle-Ordovician,,Phanerozoic Paleozoic  Ordovician    Middle-Ordovician     ,Middle-Ordovician,Phanerozoic,Paleozoic,Ordovician,Middle-Ordovician,,Phanerozoic Paleozoic  Ordovician   Middle-Ordovician    ,Middle-Ordovician,460.9,471.8,Relative,Barneveld age
NYOtm;2,Phanerozoic,Paleozoic,Ordovician,Middle-Ordovician,,Phanerozoic Paleozoic  Ordovician    Middle-Ordovician     ,Middle-Ordovician,Phanerozoic,Paleozoic,Ordovician,Middle-Ordovician,,Phanerozoic Paleozoic  Ordovician   Middle-Ordovician    ,Middle-Ordovician,460.9,471.8,Relative,Middle Ordovician (Barneveld)
NYOtm;3,Phanerozoic,Paleozoic,Ordovician,Middle-Ordovician,,Phanerozoic Paleozoic  Ordovician    Middle-Ordovician     ,Middle-Ordovician,Phanerozoic,Paleozoic,Ordovician,Middle-Ordovician,,Phanerozoic Paleozoic  Ordovician   Middle-Ordovician    ,Middle-Ordovician,460.9,471.8,Relative,Middle Ordovician (Barneveld)
NYOu;1,Phanerozoic,Paleozoic,Ordovician,Middle-Ordovician,,Phanerozoic Paleozoic  Ordovician    Middle-Ordovician     ,Middle-Ordovician,Phanerozoic,Paleozoic,Ordovician,Middle-Ordovician,,Phanerozoic Paleozoic  Ordovician   Middle-Ordovician    ,Middle-Ordovician,460.9,471.8,Relative,
NYOu;2,Phanerozoic,Paleozoic,Ordovician,Middle-Ordovician,,Phanerozoic Paleozoic  Ordovician    Middle-Ordovician     ,Middle-Ordovician,Phanerozoic,Paleozoic,Ordovician,Middle-Ordovician,,Phanerozoic Paleozoic  Ordovician   Middle-Ordovician    ,Middle-Ordovician,460.9,471.8,Relative,
NYOu;5,Phanerozoic,Paleozoic,Ordovician,Late-Ordovician,,Phanerozoic Paleozoic  Ordovician    Late-Ordovician     ,Late-Ordovician,Phanerozoic,Paleozoic,Ordovician,Late-Ordovician,,Phanerozoic Paleozoic  Ordovician   Late-Ordovician    ,Late-Ordovician,443.7,460.9,Relative,
NYOw;2,Phanerozoic,Paleozoic,Ordovician,Early-Ordovician,,Phanerozoic Paleozoic  Ordovician    Early-Ordovician     ,Early-Ordovician,Phanerozoic,Paleozoic,Ordovician,Early-Ordovician,,Phanerozoic Paleozoic  Ordovician   Early-Ordovician    ,Early-Ordovician,471.8,488.3,Relative,
NYOw;3,Phanerozoic,Paleozoic,Ordovician,Early-Ordovician,,Phanerozoic Paleozoic  Ordovician    Early-Ordovician     ,Early-Ordovician,Phanerozoic,Paleozoic,Ordovician,Early-Ordovician,,Phanerozoic Paleozoic  Ordovician   Early-Ordovician    ,Early-Ordovician,471.8,488.3,Relative,
NYOwl;2,Phanerozoic,Paleozoic,Ordovician,Middle-Ordovician,,Phanerozoic Paleozoic  Ordovician    Middle-Ordovician     ,Middle-Ordovician,Phanerozoic,Paleozoic,Ordovician,Middle-Ordovician,,Phanerozoic Paleozoic  Ordovician   Middle-Ordovician    ,Middle-Ordovician,460.9,471.8,Relative,
NYOwl;3,Phanerozoic,Paleozoic,Ordovician,Middle-Ordovician,,Phanerozoic Paleozoic  Ordovician    Middle-Ordovician     ,Middle-Ordovician,Phanerozoic,Paleozoic,Ordovician,Middle-Ordovician,,Phanerozoic Paleozoic  Ordovician   Middle-Ordovician    ,Middle-Ordovician,460.9,471.8,Relative, 
NYPAp;4,Phanerozoic,Paleozoic,Carboniferous,Pennsylvanian,,Phanerozoic Paleozoic  Carboniferous    Pennsylvanian     ,Pennsylvanian,Phanerozoic,Paleozoic,Carboniferous,Pennsylvanian,,Phanerozoic Paleozoic  Carboniferous   Pennsylvanian    ,Pennsylvanian,299,318.1,Relative,
NYQ;1,Phanerozoic,Cenozoic,Quaternary,,,Phanerozoic Cenozoic  Quaternary         ,Quaternary,Phanerozoic,Cenozoic,Quaternary,,,Phanerozoic Cenozoic  Quaternary       ,Quaternary,0,1.81,Relative,
NYQ;2,Phanerozoic,Cenozoic,Quaternary,,,Phanerozoic Cenozoic  Quaternary         ,Quaternary,Phanerozoic,Cenozoic,Quaternary,,,Phanerozoic Cenozoic  Quaternary       ,Quaternary,0,1.81,Relative,
NYQ;3,Phanerozoic,Cenozoic,Quaternary,,,Phanerozoic Cenozoic  Quaternary         ,Quaternary,Phanerozoic,Cenozoic,Quaternary,,,Phanerozoic Cenozoic  Quaternary       ,Quaternary,0,1.81,Relative,
NYSab;4,Phanerozoic,Paleozoic,Silurian,Pridoli,,Phanerozoic Paleozoic  Silurian    Pridoli     ,Pridoli,Phanerozoic,Paleozoic,Silurian,Ludlow,,Phanerozoic Paleozoic  Silurian   Ludlow    ,Ludlow,416,421.3,Relative,
NYSab;5,Phanerozoic,Paleozoic,Silurian,Pridoli,,Phanerozoic Paleozoic  Silurian    Pridoli     ,Pridoli,Phanerozoic,Paleozoic,Silurian,Ludlow,,Phanerozoic Paleozoic  Silurian   Ludlow    ,Ludlow,416,421.3,Relative,
NYSbs;3,Phanerozoic,Paleozoic,Silurian,Pridoli,,Phanerozoic Paleozoic  Silurian    Pridoli     ,Pridoli,Phanerozoic,Paleozoic,Silurian,Ludlow,,Phanerozoic Paleozoic  Silurian   Ludlow    ,Ludlow,416,421.3,Relative, 
NYScc;5,Phanerozoic,Paleozoic,Silurian,Pridoli,,Phanerozoic Paleozoic  Silurian    Pridoli     ,Pridoli,Phanerozoic,Paleozoic,Silurian,Ludlow,,Phanerozoic Paleozoic  Silurian   Ludlow    ,Ludlow,416,421.3,Relative,
NYScl;2,Phanerozoic,Paleozoic,Silurian,,,Phanerozoic Paleozoic  Silurian         ,Silurian,Phanerozoic,Paleozoic,Silurian,,,Phanerozoic Paleozoic  Silurian       ,Silurian,416,443.7,Relative,
NYScl;4,Phanerozoic,Paleozoic,Silurian,Wenlock,,Phanerozoic Paleozoic  Silurian    Wenlock     ,Wenlock,Phanerozoic,Paleozoic,Silurian,Llandovery,,Phanerozoic Paleozoic  Silurian   Llandovery    ,Llandovery,422.9,443.7,Relative,The DeCew is of Early Silurian (middle Wenlockian) age based on conodonts. [Report uses Early-Late Silurian boundary of Harland and others (1982) between the Wenlockian and the Ludlovian.] References: USGS Lexicon website and NY018.
NYScl;5,Phanerozoic,Paleozoic,Silurian,Llandovery,,Phanerozoic Paleozoic  Silurian    Llandovery     ,Llandovery,Phanerozoic,Paleozoic,Silurian,Llandovery,,Phanerozoic Paleozoic  Silurian   Llandovery    ,Llandovery,428.2,443.7,Relative,"New litho- and biostratigraphic data support Gillette's (1947) original contention that the underlying Westmoreland Hematite is genetically related to the Willowvale. Age of both units is Early Silurian (late Llandoverian) (Lin and Brett, 1988)."
NYScs;2,Phanerozoic,Paleozoic,Silurian,Pridoli,,Phanerozoic Paleozoic  Silurian    Pridoli     ,Pridoli,Phanerozoic,Paleozoic,Silurian,Ludlow,,Phanerozoic Paleozoic  Silurian   Ludlow    ,Ludlow,416,421.3,Relative,
NYScv;4,Phanerozoic,Paleozoic,Silurian,Pridoli,,Phanerozoic Paleozoic  Silurian    Pridoli     ,Pridoli,Phanerozoic,Paleozoic,Silurian,Ludlow,,Phanerozoic Paleozoic  Silurian   Ludlow    ,Ludlow,416,421.3,Relative,
NYScy;5,Phanerozoic,Paleozoic,Silurian,Pridoli,,Phanerozoic Paleozoic  Silurian    Pridoli     ,Pridoli,Phanerozoic,Paleozoic,Silurian,Ludlow,,Phanerozoic Paleozoic  Silurian   Ludlow    ,Ludlow,416,421.3,Relative,
NYSik;4,Phanerozoic,Paleozoic,Silurian,Wenlock,,Phanerozoic Paleozoic  Silurian    Wenlock     ,Wenlock,Phanerozoic,Paleozoic,Silurian,Llandovery,,Phanerozoic Paleozoic  Silurian   Llandovery    ,Llandovery,422.9,443.7,Relative,The Irondequoit is of Early Silurian (earliest Wenlockian) age based on conodonts and ostracodes. [Report uses Early and Late Silurian time scale of Harland and others (1982).] Other units as old as Llandoverian.References: USGS Lexicon website and NY018.
NYSik;5,Phanerozoic,Paleozoic,Silurian,Wenlock,,Phanerozoic Paleozoic  Silurian    Wenlock     ,Wenlock,Phanerozoic,Paleozoic,Silurian,Llandovery,,Phanerozoic Paleozoic  Silurian   Llandovery    ,Llandovery,422.9,443.7,Relative,"The Irondequoit is of Early Silurian (earliest Wenlockian) age based on conodonts and ostracodes. The Williamson is of Early Silurian (latest Llandoverian) age. [Report uses Early and Late Silurian time scale of Harland and others (1982).] (Brett and others, 1995)."
NYSl;2,Phanerozoic,Paleozoic,Silurian,Pridoli,,Phanerozoic Paleozoic  Silurian    Pridoli     ,Pridoli,Phanerozoic,Paleozoic,Silurian,Ludlow,,Phanerozoic Paleozoic  Silurian   Ludlow    ,Ludlow,416,421.3,Relative,
NYSl;4,Phanerozoic,Paleozoic,Silurian,Ludlow,,Phanerozoic Paleozoic  Silurian    Ludlow     ,Ludlow,Phanerozoic,Paleozoic,Silurian,Wenlock,,Phanerozoic Paleozoic  Silurian   Wenlock    ,Wenlock,418.7,428.2,Relative,The Guelph is of Late Silurian (late Ludlovian) age based on conodonts. [Report uses Silurian time scale of Harland and others (1982).]  Other units as old as Wenlockian. References: USGS Lexicon website and NY018.
NYSl;5,Phanerozoic,Paleozoic,Silurian,Ludlow,,Phanerozoic Paleozoic  Silurian    Ludlow     ,Ludlow,Phanerozoic,Paleozoic,Silurian,Ludlow,,Phanerozoic Paleozoic  Silurian   Ludlow    ,Ludlow,418.7,421.3,Relative,"The Eramosa (Oak Orchard) is of Late Silurian (Ludlovian) age based on conodonts (Brett and others, 1995). "
NYSm;4,Phanerozoic,Paleozoic,Silurian,Llandovery,,Phanerozoic Paleozoic  Silurian    Llandovery     ,Llandovery,Phanerozoic,Paleozoic,Silurian,Llandovery,,Phanerozoic Paleozoic  Silurian   Llandovery    ,Llandovery,428.2,443.7,Relative,The Medina is of Early Silurian (Llandoverian) age. [This report uses the Early and Late Silurian time scale of Harland and others (1982).]  References: USGS Lexicon website and NY018.
NYSm;5,Phanerozoic,Paleozoic,Silurian,Llandovery,,Phanerozoic Paleozoic  Silurian    Llandovery     ,Llandovery,Phanerozoic,Paleozoic,Silurian,Llandovery,,Phanerozoic Paleozoic  Silurian   Llandovery    ,Llandovery,428.2,443.7,Relative,"The Grimsby is of Early Silurian age, probably early Llandoverian based on correlation with the Brassfield Limestone of the Midcontinent (Brett and others, 1995)."
NYSmOq;1,Phanerozoic,Paleozoic,Silurian,Llandovery,,Phanerozoic Paleozoic  Silurian    Llandovery     ,Llandovery,Phanerozoic,Paleozoic,Ordovician,Late-Ordovician,,Phanerozoic Paleozoic  Ordovician   Late-Ordovician    ,Late-Ordovician,428.2,460.9,Relative,"In cross section E-E', in the subsurface of central to eastern OH, Queenston Shale is used for silty red shale equivalent to the Juniata Formation in WV. Age is Late Ordovician (Richmondian) based on stratigraphic position and fossils in equivalent strata in OH and KY (Ryder, 1992)."
NYSmOq;5,Phanerozoic,Paleozoic,Silurian,Llandovery,,Phanerozoic Paleozoic  Silurian    Llandovery     ,Llandovery,Phanerozoic,Paleozoic,Ordovician,Late-Ordovician,,Phanerozoic Paleozoic  Ordovician   Late-Ordovician    ,Late-Ordovician,428.2,460.9,Relative,"In cross section E-E', in the subsurface of central to eastern OH, Queenston Shale is used for silty red shale equivalent to the Juniata Formation in WV. Age is Late Ordovician (Richmondian) based on stratigraphic position and fossils in equivalent strata in OH and KY (Ryder, 1992)."
NYSr;4,Phanerozoic,Paleozoic,Silurian,Wenlock,,Phanerozoic Paleozoic  Silurian    Wenlock     ,Wenlock,Phanerozoic,Paleozoic,Silurian,Llandovery,,Phanerozoic Paleozoic  Silurian   Llandovery    ,Llandovery,422.9,443.7,Relative,The DeCew is of Early Silurian (middle Wenlockian) age based on conodonts. [Report uses Early-Late Silurian boundary of Harland and others (1982) between the Wenlockian and the Ludlovian.] References: USGS Lexicon website and NY018.
NYSr;5,Phanerozoic,Paleozoic,Silurian,Wenlock,,Phanerozoic Paleozoic  Silurian    Wenlock     ,Wenlock,Phanerozoic,Paleozoic,Silurian,Wenlock,,Phanerozoic Paleozoic  Silurian   Wenlock    ,Wenlock,422.9,428.2,Relative,"The DeCew is of Early Silurian (middle Wenlockian) age based on conodonts. [Report uses Early-Late Silurian boundary of Harland and others (1982) between the Wenlockian and the Ludlovian.] (Brett and others, 1995)."
NYSrp;3,Phanerozoic,Paleozoic,Devonian,Early-Devonian,,Phanerozoic Paleozoic  Devonian    Early-Devonian     ,Early-Devonian,Phanerozoic,Paleozoic,Silurian,Ludlow,,Phanerozoic Paleozoic  Silurian   Ludlow    ,Ludlow,397.5,421.3,Relative,In New Jersey: Age of Rondout Formation refined to late Pridolian and early Lochkovian. Conodont species OULODUS ELEGANS restricts lower part of Rondout to Late Silurian. Silurian-Devonian boundary placed in middle of Rondout based on work by Denkler and Harris (1988). 
NYSsy;5,Phanerozoic,Paleozoic,Silurian,Pridoli,,Phanerozoic Paleozoic  Silurian    Pridoli     ,Pridoli,Phanerozoic,Paleozoic,Silurian,Ludlow,,Phanerozoic Paleozoic  Silurian   Ludlow    ,Ludlow,416,421.3,Relative,
NYSv;2,Phanerozoic,Paleozoic,Silurian,Pridoli,,Phanerozoic Paleozoic  Silurian    Pridoli     ,Pridoli,Phanerozoic,Paleozoic,Silurian,Ludlow,,Phanerozoic Paleozoic  Silurian   Ludlow    ,Ludlow,416,421.3,Relative,
NYSv;5,Phanerozoic,Paleozoic,Silurian,Pridoli,,Phanerozoic Paleozoic  Silurian    Pridoli     ,Pridoli,Phanerozoic,Paleozoic,Silurian,Ludlow,,Phanerozoic Paleozoic  Silurian   Ludlow    ,Ludlow,416,421.3,Relative,
NYTRb;3,Phanerozoic,Mesozoic,Triassic,Late-Triassic,,Phanerozoic Mesozoic  Triassic    Late-Triassic     ,Late-Triassic,Phanerozoic,Mesozoic,Triassic,Late-Triassic,,Phanerozoic Mesozoic  Triassic   Late-Triassic    ,Late-Triassic,199.6,228,Relative,
NYTRba;3,Phanerozoic,Mesozoic,Triassic,Late-Triassic,,Phanerozoic Mesozoic  Triassic    Late-Triassic     ,Late-Triassic,Phanerozoic,Mesozoic,Triassic,Late-Triassic,,Phanerozoic Mesozoic  Triassic   Late-Triassic    ,Late-Triassic,199.6,228,Relative,
NYTRbg;3,Phanerozoic,Mesozoic,Triassic,Late-Triassic,,Phanerozoic Mesozoic  Triassic    Late-Triassic     ,Late-Triassic,Phanerozoic,Mesozoic,Triassic,Late-Triassic,,Phanerozoic Mesozoic  Triassic   Late-Triassic    ,Late-Triassic,199.6,228,Relative,
NYTRbs;3,Phanerozoic,Mesozoic,Triassic,Late-Triassic,,Phanerozoic Mesozoic  Triassic    Late-Triassic     ,Late-Triassic,Phanerozoic,Mesozoic,Triassic,Late-Triassic,,Phanerozoic Mesozoic  Triassic   Late-Triassic    ,Late-Triassic,199.6,228,Relative,
NYTRhc;3,Phanerozoic,Mesozoic,Triassic,Late-Triassic,,Phanerozoic Mesozoic  Triassic    Late-Triassic     ,Late-Triassic,Phanerozoic,Mesozoic,Triassic,Late-Triassic,,Phanerozoic Mesozoic  Triassic   Late-Triassic    ,Late-Triassic,199.6,228,Relative,
NYTRl;3,Phanerozoic,Mesozoic,Triassic,Late-Triassic,,Phanerozoic Mesozoic  Triassic    Late-Triassic     ,Late-Triassic,Phanerozoic,Mesozoic,Triassic,Late-Triassic,,Phanerozoic Mesozoic  Triassic   Late-Triassic    ,Late-Triassic,199.6,228,Relative,
NYTRp;3,Phanerozoic,Mesozoic,Jurassic,Early-Jurassic,,Phanerozoic Mesozoic  Jurassic    Early-Jurassic     ,Early-Jurassic,Phanerozoic,Mesozoic,Jurassic,Early-Jurassic,,Phanerozoic Mesozoic  Jurassic   Early-Jurassic    ,Early-Jurassic,175.6,199.6,Relative,"1982, Age changed from Late Triassic to Early Jurassic based on 40Ar/39Ar incremental release ages by Dallmeyer (1975: Geology, v. 3, no. 5, p. 243-245). References: USGS Lexicon website and reference NY003."
NYTRs;3,Phanerozoic,Mesozoic,Triassic,Late-Triassic,Carnian,Phanerozoic Mesozoic  Triassic    Late-Triassic     Carnian,Carnian,Phanerozoic,Mesozoic,Triassic,Middle-Triassic,,Phanerozoic Mesozoic  Triassic   Middle-Triassic    ,Middle-Triassic,216.5,245,Relative,"Sporomorph assemblages indicate a late Carnian age for the top of the Stockton. Middle Carnian megafossil plant assemblages lower in the Stockton place the middle-late Carnian boundary in the upper Stockton. The basal Stockton could be as old as Middle Triassic (Olsen, 1984).References: USGS Lexicon website and NY011. "
NYwater;1,Phanerozoic,Cenozoic,Quaternary,Holocene,,Phanerozoic Cenozoic  Quaternary    Holocene     ,Holocene,Phanerozoic,Cenozoic,Quaternary,Holocene,,Phanerozoic Cenozoic  Quaternary   Holocene    ,Holocene,0,0.012,Relative,
NYwater;2,Phanerozoic,Cenozoic,Quaternary,Holocene,,Phanerozoic Cenozoic  Quaternary    Holocene     ,Holocene,Phanerozoic,Cenozoic,Quaternary,Holocene,,Phanerozoic Cenozoic  Quaternary   Holocene    ,Holocene,0,0.012,Relative,
NYwater;3,Phanerozoic,Cenozoic,Quaternary,Holocene,,Phanerozoic Cenozoic  Quaternary    Holocene     ,Holocene,Phanerozoic,Cenozoic,Quaternary,Holocene,,Phanerozoic Cenozoic  Quaternary   Holocene    ,Holocene,0,0.012,Relative,
NYwater;4,Phanerozoic,Cenozoic,Quaternary,Holocene,,Phanerozoic Cenozoic  Quaternary    Holocene     ,Holocene,Phanerozoic,Cenozoic,Quaternary,Holocene,,Phanerozoic Cenozoic  Quaternary   Holocene    ,Holocene,0,0.012,Relative,
NYwater;5,Phanerozoic,Cenozoic,Quaternary,Holocene,,Phanerozoic Cenozoic  Quaternary    Holocene     ,Holocene,Phanerozoic,Cenozoic,Quaternary,Holocene,,Phanerozoic Cenozoic  Quaternary   Holocene    ,Holocene,0,0.012,Relative,
NYYa;1,Proterozoic,Mesoproterozoic,,,,Proterozoic Mesoproterozoic           ,Mesoproterozoic,Proterozoic,Mesoproterozoic,,,,Proterozoic Mesoproterozoic         ,Mesoproterozoic,1000,1600,Relative,
NYYa;2,Proterozoic,Mesoproterozoic,,,,Proterozoic Mesoproterozoic           ,Mesoproterozoic,Proterozoic,Mesoproterozoic,,,,Proterozoic Mesoproterozoic         ,Mesoproterozoic,1000,1600,Relative,
NYYach;1,Proterozoic,Mesoproterozoic,,,,Proterozoic Mesoproterozoic           ,Mesoproterozoic,Proterozoic,Mesoproterozoic,,,,Proterozoic Mesoproterozoic         ,Mesoproterozoic,1000,1600,Relative,
NYYack;1,Proterozoic,Mesoproterozoic,,,,Proterozoic Mesoproterozoic           ,Mesoproterozoic,Proterozoic,Mesoproterozoic,,,,Proterozoic Mesoproterozoic         ,Mesoproterozoic,1000,1600,Relative,
NYYam;1,Proterozoic,Mesoproterozoic,,,,Proterozoic Mesoproterozoic           ,Mesoproterozoic,Proterozoic,Mesoproterozoic,,,,Proterozoic Mesoproterozoic         ,Mesoproterozoic,1000,1600,Relative,
NYYam;2,Proterozoic,Mesoproterozoic,,,,Proterozoic Mesoproterozoic           ,Mesoproterozoic,Proterozoic,Mesoproterozoic,,,,Proterozoic Mesoproterozoic         ,Mesoproterozoic,1000,1600,Relative,
NYYam;3,Proterozoic,Mesoproterozoic,,,,Proterozoic Mesoproterozoic           ,Mesoproterozoic,Proterozoic,Mesoproterozoic,,,,Proterozoic Mesoproterozoic         ,Mesoproterozoic,1000,1600,Relative,
NYYamg;1,Proterozoic,Mesoproterozoic,,,,Proterozoic Mesoproterozoic           ,Mesoproterozoic,Proterozoic,Mesoproterozoic,,,,Proterozoic Mesoproterozoic         ,Mesoproterozoic,1000,1600,Relative,
NYYamg;2,Proterozoic,Mesoproterozoic,,,,Proterozoic Mesoproterozoic           ,Mesoproterozoic,Proterozoic,Mesoproterozoic,,,,Proterozoic Mesoproterozoic         ,Mesoproterozoic,1000,1600,Relative,
NYYamg;3,Proterozoic,Mesoproterozoic,,,,Proterozoic Mesoproterozoic           ,Mesoproterozoic,Proterozoic,Mesoproterozoic,,,,Proterozoic Mesoproterozoic         ,Mesoproterozoic,1000,1600,Relative,
NYYamu;1,Proterozoic,Mesoproterozoic,,,,Proterozoic Mesoproterozoic           ,Mesoproterozoic,Proterozoic,Mesoproterozoic,,,,Proterozoic Mesoproterozoic         ,Mesoproterozoic,1000,1600,Relative
NYYao;1,Proterozoic,Mesoproterozoic,,,,Proterozoic Mesoproterozoic           ,Mesoproterozoic,Proterozoic,Mesoproterozoic,,,,Proterozoic Mesoproterozoic         ,Mesoproterozoic,1000,1600,Relative
NYYao;2,Proterozoic,Mesoproterozoic,,,,Proterozoic Mesoproterozoic           ,Mesoproterozoic,Proterozoic,Mesoproterozoic,,,,Proterozoic Mesoproterozoic         ,Mesoproterozoic,1000,1600,Relative
NYYbg;2,Proterozoic,Mesoproterozoic,,,,Proterozoic Mesoproterozoic           ,Mesoproterozoic,Proterozoic,Mesoproterozoic,,,,Proterozoic Mesoproterozoic         ,Mesoproterozoic,1000,1600,Relative
NYYbg;3,Proterozoic,Mesoproterozoic,,,,Proterozoic Mesoproterozoic           ,Mesoproterozoic,Proterozoic,Mesoproterozoic,,,,Proterozoic Mesoproterozoic         ,Mesoproterozoic,1000,1600,Relative
NYYbhg;3,Proterozoic,Mesoproterozoic,,,,Proterozoic Mesoproterozoic           ,Mesoproterozoic,Proterozoic,Mesoproterozoic,,,,Proterozoic Mesoproterozoic         ,Mesoproterozoic,1000,1600,Relative
NYYbqp;1,Proterozoic,Mesoproterozoic,,,,Proterozoic Mesoproterozoic           ,Mesoproterozoic,Proterozoic,Mesoproterozoic,,,,Proterozoic Mesoproterozoic         ,Mesoproterozoic,1000,1600,Relative
NYYbqp;2,Proterozoic,Mesoproterozoic,,,,Proterozoic Mesoproterozoic           ,Mesoproterozoic,Proterozoic,Mesoproterozoic,,,,Proterozoic Mesoproterozoic         ,Mesoproterozoic,1000,1600,Relative
NYYbqpc;3,Proterozoic,Mesoproterozoic,,,,Proterozoic Mesoproterozoic           ,Mesoproterozoic,Proterozoic,Mesoproterozoic,,,,Proterozoic Mesoproterozoic         ,Mesoproterozoic,1000,1600,Relative
NYYbqpq;1,Proterozoic,Mesoproterozoic,,,,Proterozoic Mesoproterozoic           ,Mesoproterozoic,Proterozoic,Mesoproterozoic,,,,Proterozoic Mesoproterozoic         ,Mesoproterozoic,1000,1600,Relative
NYYbqpq;2,Proterozoic,Mesoproterozoic,,,,Proterozoic Mesoproterozoic           ,Mesoproterozoic,Proterozoic,Mesoproterozoic,,,,Proterozoic Mesoproterozoic         ,Mesoproterozoic,1000,1600,Relative
NYYcs;1,Proterozoic,Mesoproterozoic,,,,Proterozoic Mesoproterozoic           ,Mesoproterozoic,Proterozoic,Mesoproterozoic,,,,Proterozoic Mesoproterozoic         ,Mesoproterozoic,1000,1600,Relative
NYYcs;3,Proterozoic,Mesoproterozoic,,,,Proterozoic Mesoproterozoic           ,Mesoproterozoic,Proterozoic,Mesoproterozoic,,,,Proterozoic Mesoproterozoic         ,Mesoproterozoic,1000,1600,Relative
NYYffg;1,Proterozoic,Mesoproterozoic,,,,Proterozoic Mesoproterozoic           ,Mesoproterozoic,Proterozoic,Mesoproterozoic,,,,Proterozoic Mesoproterozoic         ,Mesoproterozoic,1000,1600,Relative
NYYgarb;1,Proterozoic,Mesoproterozoic,,,,Proterozoic Mesoproterozoic           ,Mesoproterozoic,Proterozoic,Mesoproterozoic,,,,Proterozoic Mesoproterozoic         ,Mesoproterozoic,1000,1600,Relative
NYYgarb;2,Proterozoic,Mesoproterozoic,,,,Proterozoic Mesoproterozoic           ,Mesoproterozoic,Proterozoic,Mesoproterozoic,,,,Proterozoic Mesoproterozoic         ,Mesoproterozoic,1000,1600,Relative
NYYgb;1,Proterozoic,Mesoproterozoic,,,,Proterozoic Mesoproterozoic           ,Mesoproterozoic,Proterozoic,Mesoproterozoic,,,,Proterozoic Mesoproterozoic         ,Mesoproterozoic,1000,1600,Relative
NYYgb;2,Proterozoic,Mesoproterozoic,,,,Proterozoic Mesoproterozoic           ,Mesoproterozoic,Proterozoic,Mesoproterozoic,,,,Proterozoic Mesoproterozoic         ,Mesoproterozoic,1000,1600,Relative
NYYhbg;1,Proterozoic,Mesoproterozoic,,,,Proterozoic Mesoproterozoic           ,Mesoproterozoic,Proterozoic,Mesoproterozoic,,,,Proterozoic Mesoproterozoic         ,Mesoproterozoic,1000,1600,Relative
NYYhbg;2,Proterozoic,Mesoproterozoic,,,,Proterozoic Mesoproterozoic           ,Mesoproterozoic,Proterozoic,Mesoproterozoic,,,,Proterozoic Mesoproterozoic         ,Mesoproterozoic,1000,1600,Relative
NYYhbgo;1,Proterozoic,Mesoproterozoic,,,,Proterozoic Mesoproterozoic           ,Mesoproterozoic,Proterozoic,Mesoproterozoic,,,,Proterozoic Mesoproterozoic         ,Mesoproterozoic,1000,1600,Relative
NYYhbgo;2,Proterozoic,Mesoproterozoic,,,,Proterozoic Mesoproterozoic           ,Mesoproterozoic,Proterozoic,Mesoproterozoic,,,,Proterozoic Mesoproterozoic         ,Mesoproterozoic,1000,1600,Relative
NYYhg;3,Proterozoic,Mesoproterozoic,,,,Proterozoic Mesoproterozoic           ,Mesoproterozoic,Proterozoic,Mesoproterozoic,,,,Proterozoic Mesoproterozoic         ,Mesoproterozoic,1000,1600,Relative
NYYhqs;1,Proterozoic,Mesoproterozoic,,,,Proterozoic Mesoproterozoic           ,Mesoproterozoic,Proterozoic,Mesoproterozoic,,,,Proterozoic Mesoproterozoic         ,Mesoproterozoic,1000,1600,Relative
NYYhs;1,Proterozoic,Mesoproterozoic,,,,Proterozoic Mesoproterozoic           ,Mesoproterozoic,Proterozoic,Mesoproterozoic,,,,Proterozoic Mesoproterozoic         ,Mesoproterozoic,1000,1600,Relative
NYYlg;1,Proterozoic,Mesoproterozoic,,,,Proterozoic Mesoproterozoic           ,Mesoproterozoic,Proterozoic,Mesoproterozoic,,,,Proterozoic Mesoproterozoic         ,Mesoproterozoic,1000,1600,Relative
NYYlg;2,Proterozoic,Mesoproterozoic,,,,Proterozoic Mesoproterozoic           ,Mesoproterozoic,Proterozoic,Mesoproterozoic,,,,Proterozoic Mesoproterozoic         ,Mesoproterozoic,1000,1600,Relative
NYYlg;3,Proterozoic,Mesoproterozoic,,,,Proterozoic Mesoproterozoic           ,Mesoproterozoic,Proterozoic,Mesoproterozoic,,,,Proterozoic Mesoproterozoic         ,Mesoproterozoic,1000,1600,Relative
NYYmb;1,Proterozoic,Mesoproterozoic,,,,Proterozoic Mesoproterozoic           ,Mesoproterozoic,Proterozoic,Mesoproterozoic,,,,Proterozoic Mesoproterozoic         ,Mesoproterozoic,1000,1600,Relative
NYYmb;2,Proterozoic,Mesoproterozoic,,,,Proterozoic Mesoproterozoic           ,Mesoproterozoic,Proterozoic,Mesoproterozoic,,,,Proterozoic Mesoproterozoic         ,Mesoproterozoic,1000,1600,Relative
NYYmb;3,Proterozoic,Mesoproterozoic,,,,Proterozoic Mesoproterozoic           ,Mesoproterozoic,Proterozoic,Mesoproterozoic,,,,Proterozoic Mesoproterozoic         ,Mesoproterozoic,1000,1600,Relative
NYYmu;1,Proterozoic,Mesoproterozoic,,,,Proterozoic Mesoproterozoic           ,Mesoproterozoic,Proterozoic,Mesoproterozoic,,,,Proterozoic Mesoproterozoic         ,Mesoproterozoic,1000,1600,Relative
NYYmu;2,Proterozoic,Mesoproterozoic,,,,Proterozoic Mesoproterozoic           ,Mesoproterozoic,Proterozoic,Mesoproterozoic,,,,Proterozoic Mesoproterozoic         ,Mesoproterozoic,1000,1600,Relative
NYYmug;1,Proterozoic,Mesoproterozoic,,,,Proterozoic Mesoproterozoic           ,Mesoproterozoic,Proterozoic,Mesoproterozoic,,,,Proterozoic Mesoproterozoic         ,Mesoproterozoic,1000,1600,Relative
NYYmug;2,Proterozoic,Mesoproterozoic,,,,Proterozoic Mesoproterozoic           ,Mesoproterozoic,Proterozoic,Mesoproterozoic,,,,Proterozoic Mesoproterozoic         ,Mesoproterozoic,1000,1600,Relative
NYYmug;3,Proterozoic,Mesoproterozoic,,,,Proterozoic Mesoproterozoic           ,Mesoproterozoic,Proterozoic,Mesoproterozoic,,,,Proterozoic Mesoproterozoic         ,Mesoproterozoic,1000,1600,Relative
NYYphg;1,Proterozoic,Mesoproterozoic,,,,Proterozoic Mesoproterozoic           ,Mesoproterozoic,Proterozoic,Mesoproterozoic,,,,Proterozoic Mesoproterozoic         ,Mesoproterozoic,1000,1600,Relative
NYYphgs;1,Proterozoic,Mesoproterozoic,,,,Proterozoic Mesoproterozoic           ,Mesoproterozoic,Proterozoic,Mesoproterozoic,,,,Proterozoic Mesoproterozoic         ,Mesoproterozoic,1000,1600,Relative
NYYphgs;2,Proterozoic,Mesoproterozoic,,,,Proterozoic Mesoproterozoic           ,Mesoproterozoic,Proterozoic,Mesoproterozoic,,,,Proterozoic Mesoproterozoic         ,Mesoproterozoic,1000,1600,Relative
NYYphqs;1,Proterozoic,Mesoproterozoic,,,,Proterozoic Mesoproterozoic           ,Mesoproterozoic,Proterozoic,Mesoproterozoic,,,,Proterozoic Mesoproterozoic         ,Mesoproterozoic,1000,1600,Relative
NYYphqs;2,Proterozoic,Mesoproterozoic,,,,Proterozoic Mesoproterozoic           ,Mesoproterozoic,Proterozoic,Mesoproterozoic,,,,Proterozoic Mesoproterozoic         ,Mesoproterozoic,1000,1600,Relative
NYYps;1,Proterozoic,Mesoproterozoic,,,,Proterozoic Mesoproterozoic           ,Mesoproterozoic,Proterozoic,Mesoproterozoic,,,,Proterozoic Mesoproterozoic         ,Mesoproterozoic,1000,1600,Relative
NYYqpg;2,Proterozoic,Mesoproterozoic,,,,Proterozoic Mesoproterozoic           ,Mesoproterozoic,Proterozoic,Mesoproterozoic,,,,Proterozoic Mesoproterozoic         ,Mesoproterozoic,1000,1600,Relative
NYYqpg;3,Proterozoic,Mesoproterozoic,,,,Proterozoic Mesoproterozoic           ,Mesoproterozoic,Proterozoic,Mesoproterozoic,,,,Proterozoic Mesoproterozoic         ,Mesoproterozoic,1000,1600,Relative
NYYqt;1,Proterozoic,Mesoproterozoic,,,,Proterozoic Mesoproterozoic           ,Mesoproterozoic,Proterozoic,Mesoproterozoic,,,,Proterozoic Mesoproterozoic         ,Mesoproterozoic,1000,1600,Relative
NYYqt;2,Proterozoic,Mesoproterozoic,,,,Proterozoic Mesoproterozoic           ,Mesoproterozoic,Proterozoic,Mesoproterozoic,,,,Proterozoic Mesoproterozoic         ,Mesoproterozoic,1000,1600,Relative
NYYqtcs;3,Proterozoic,Mesoproterozoic,,,,Proterozoic Mesoproterozoic           ,Mesoproterozoic,Proterozoic,Mesoproterozoic,,,,Proterozoic Mesoproterozoic         ,Mesoproterozoic,1000,1600,Relative
NYYqtlg;3,Proterozoic,Mesoproterozoic,,,,Proterozoic Mesoproterozoic           ,Mesoproterozoic,Proterozoic,Mesoproterozoic,,,,Proterozoic Mesoproterozoic         ,Mesoproterozoic,1000,1600,Relative
NYYrg;3,Proterozoic,Mesoproterozoic,,,,Proterozoic Mesoproterozoic           ,Mesoproterozoic,Proterozoic,Mesoproterozoic,,,,Proterozoic Mesoproterozoic         ,Mesoproterozoic,1000,1600,Relative,
NYYsc;3,Proterozoic,Mesoproterozoic,,,,Proterozoic Mesoproterozoic           ,Mesoproterozoic,Proterozoic,Mesoproterozoic,,,,Proterozoic Mesoproterozoic         ,Mesoproterozoic,1000,1600,Relative,
NYZf;3,Proterozoic,Mesoproterozoic,,,,Proterozoic Mesoproterozoic           ,Mesoproterozoic,preCambrian,,,,,preCambrian          ,preCambrian,1000,4500,Relative,Age change per USGS Lexicon website.
NYZfa;3,Proterozoic,Mesoproterozoic,,,,Proterozoic Mesoproterozoic           ,Mesoproterozoic,preCambrian,,,,,preCambrian          ,preCambrian,1000,4500,Relative,Age change per USGS Lexicon website.
NYZfb;3,Proterozoic,Mesoproterozoic,,,,Proterozoic Mesoproterozoic           ,Mesoproterozoic,preCambrian,,,,,preCambrian          ,preCambrian,1000,4500,Relative,Age change per USGS Lexicon website.
NYZfc;3,Proterozoic,Mesoproterozoic,,,,Proterozoic Mesoproterozoic           ,Mesoproterozoic,preCambrian,,,,,preCambrian          ,preCambrian,1000,4500,Relative,Age change per USGS Lexicon website.
NYZfe;3,Proterozoic,Mesoproterozoic,,,,Proterozoic Mesoproterozoic           ,Mesoproterozoic,preCambrian,,,,,preCambrian          ,preCambrian,1000,4500,Relative,Age change per USGS Lexicon website.
NYZpg;3,Proterozoic,Mesoproterozoic,,,,Proterozoic Mesoproterozoic           ,Mesoproterozoic,Proterozoic,Mesoproterozoic,,,,Proterozoic Mesoproterozoic         ,Mesoproterozoic,1000,1600,Relative,"Yonkers Gneiss and Pound Ridge Granite Gneiss ages are post-Grenvillian [post-Middle Proterozoic]. Probably related to Late Proterozoic extensional tectonics in Laurentia. Yonkers has Rb-Sr whole-rock isochron age of 563 +/-35 Ma (Long, 1969; recalculated by D.W. Rankin and others). Age change per USGS Lexicon website and reference NY010."
NYZy;3,Phanerozoic,Paleozoic,Cambrian,Early-Cambrian,,Phanerozoic Paleozoic  Cambrian    Early-Cambrian     ,Early-Cambrian,Proterozoic,Neoproterozoic,,,,Proterozoic Neoproterozoic         ,Neoproterozoic,528,598,Absolute,"Yonkers Gneiss and Pound Ridge Granite Gneiss ages are post-Grenvillian [post-Middle Proterozoic]. Probably related to Late Proterozoic extensional tectonics in Laurentia. Yonkers has Rb-Sr whole-rock isochron age of 563 +/-35 Ma (Long, 1969; recalculated by D.W. Rankin and others). Age change per USGS Lexicon website and reference NY010."
